"group"	"group_name"	"num_kos"	"Z_mean"	"p.value"	"q.value"
"md:M00159"	"V/A-type ATPase, prokaryotes"	9	11.1873520395288	3.23446631410969e-16	2.64255897862762e-13
"path:map00190"	"Oxidative phosphorylation"	223	5.83474365321198	1.38883220304263e-08	1.13467590988583e-05
"md:M00924"	"Cobalamin biosynthesis, anaerobic, uroporphyrinogen III => sirohydrochlorin => cobyrinate a,c-diamide"	22	3.58865314985005	2.38065115083539e-08	1.94499199023251e-05
"path:map00860"	"Porphyrin metabolism"	139	3.51273482492903	5.08328796003505e-08	4.15304626334864e-05
"md:M00045"	"Histidine degradation, histidine => N-formiminoglutamate => glutamate"	8	5.79451097919668	4.371592512698e-07	0.000357159108287427
"path:map00010"	"Glycolysis / Gluconeogenesis"	106	1.81172570846652	5.20650550422424e-06	0.0042537149969512
"md:M00846"	"Siroheme biosynthesis, glutamyl-tRNA => siroheme"	16	4.63599878048077	5.99308888112782e-06	0.00489635361588143
"md:M00925"	"Cobalamin biosynthesis, aerobic, uroporphyrinogen III => precorrin 2 => cobyrinate a,c-diamide"	17	4.36251756076135	1.07444836503301e-05	0.00877824314231968
"path:map00630"	"Glyoxylate and dicarboxylate metabolism"	101	1.94044721816923	3.59802783422488e-05	0.0293958874056173
"path:map00260"	"Glycine, serine and threonine metabolism"	109	1.74035942898182	5.871751745542e-05	0.0479722117610782
"path:map01230"	"Biosynthesis of amino acids"	238	1.40529116403796	6.05169044745912e-05	0.049442310955741
"path:map00340"	"Histidine metabolism"	47	NA	6.37394390431568e-05	0.0520751216982591
"md:M00122"	"Cobalamin biosynthesis, cobyrinate a,c-diamide => cobalamin"	10	NA	8.31844721452482e-05	0.0679617137426678
"path:map00520"	"Amino sugar and nucleotide sugar metabolism"	156	NA	8.58557726242707e-05	0.0701441662340292
"path:map00620"	"Pyruvate metabolism"	132	NA	0.000195623889098802	0.159824717393721
"md:M00004"	"Pentose phosphate pathway (Pentose phosphate cycle)"	15	NA	0.000305119721980975	0.249282812858456
"md:M00532"	"Photorespiration"	15	NA	0.000305119721980975	0.249282812858456
"md:M00144"	"NADH:quinone oxidoreductase, prokaryotes"	17	NA	0.000373052469288047	0.304783867408334
"md:M00003"	"Gluconeogenesis, oxaloacetate => fructose-6P"	20	NA	0.000739588767093522	0.604244022715407
"md:M00008"	"Entner-Doudoroff pathway, glucose-6P => glyceraldehyde-3P + pyruvate"	5	NA	0.000800007320595079	0.65360598092618
"path:map00030"	"Pentose phosphate pathway"	85	NA	0.00103644292731773	0.846773871618584
"br:br01601"	"Enzymes of 2-oxocarboxylic acid metabolism"	60	NA	0.00115498400906193	0.943621935403597
"md:M00006"	"Pentose phosphate pathway, oxidative phase, glucose 6P => ribulose 5P"	6	NA	0.00119289223966414	0.974592959805606
"md:M00123"	"Biotin biosynthesis, pimeloyl-ACP/CoA => biotin"	6	NA	0.00119289223966414	0.974592959805606
"md:M00577"	"Biotin biosynthesis, BioW pathway, pimelate => pimeloyl-CoA => biotin"	6	NA	0.00119289223966414	0.974592959805606
"md:M00609"	"Cysteine biosynthesis, methionine => cysteine"	6	NA	0.00119289223966414	0.974592959805606
"path:map00780"	"Biotin metabolism"	24	NA	0.00127884550493286	1
"md:M00926"	"Heme biosynthesis, bacteria, glutamyl-tRNA => coproporphyrin III => heme"	10	NA	0.00349465701490088	1
"md:M00127"	"Thiamine biosynthesis, prokaryotes, AIR (+ DXP/tyrosine) => TMP/TPP"	11	NA	0.00424599813957922	1
"md:M00002"	"Glycolysis, core module involving three-carbon compounds"	12	NA	0.00506509895132323	1
"md:M00307"	"Pyruvate oxidation, pyruvate => acetyl-CoA"	12	NA	0.00506509895132323	1
"md:M00121"	"Heme biosynthesis, plants and bacteria, glutamate => heme"	15	NA	0.00791634891416598	1
"path:map02025"	"Biofilm formation - Pseudomonas aeruginosa"	90	NA	0.00901428065648247	1
"path:map00300"	"Lysine biosynthesis"	48	NA	0.00933434393702672	1
"path:map00640"	"Propanoate metabolism"	96	NA	0.0112452684581171	1
"path:map00541"	"O-Antigen nucleotide sugar biosynthesis"	97	NA	0.0116485782787702	1
"path:map01250"	"Biosynthesis of nucleotide sugars"	211	NA	0.0124239811211746	1
"path:map00740"	"Riboflavin metabolism"	54	NA	0.0128721586789028	1
"md:M00034"	"Methionine salvage pathway"	20	NA	0.013908447573961	1
"md:M00376"	"3-Hydroxypropionate bi-cycle"	21	NA	0.0152822664908428	1
"path:map00500"	"Starch and sucrose metabolism"	106	NA	0.0157004699623086	1
"path:map05111"	"Biofilm formation - Vibrio cholerae"	106	NA	0.0157004699623086	1
"path:map00130"	"Ubiquinone and other terpenoid-quinone biosynthesis"	59	NA	0.0163302776430599	1
"path:map00051"	"Fructose and mannose metabolism"	112	NA	0.018839070539824	1
"path:map00280"	"Valine, leucine and isoleucine degradation"	69	NA	0.0246652815053755	1
"path:map00270"	"Cysteine and methionine metabolism"	123	NA	0.025544353728417	1
"path:map00250"	"Alanine, aspartate and glutamate metabolism"	70	NA	0.0256034051600202	1
"path:map00430"	"Taurine and hypotaurine metabolism"	29	NA	0.0281908825954372	1
"path:map04122"	"Sulfur relay system"	29	NA	0.0281908825954372	1
"md:M00001"	"Glycolysis (Embden-Meyerhof pathway), glucose => pyruvate"	32	NA	0.0319122771918342	1
"path:map00730"	"Thiamine metabolism"	36	NA	0.0419936662041459	1
"md:M00112"	"Tocopherol/tocotorienol biosynthesis, homogentisate + phytyl/geranylgeranyl-PP => tocopherol/tocotorienol"	5	NA	0.0444957808599616	1
"md:M00135"	"GABA biosynthesis, eukaryotes, putrescine => GABA"	5	NA	0.0444957808599616	1
"md:M00573"	"Biotin biosynthesis, BioI pathway, long-chain-acyl-ACP => pimeloyl-ACP => biotin"	5	NA	0.0444957808599616	1
"md:M00652"	"Vancomycin resistance, D-Ala-D-Ser type"	5	NA	0.0444957808599616	1
"md:M00913"	"Pantothenate biosynthesis, 2-oxoisovalerate/spermine => pantothenate"	5	NA	0.0444957808599616	1
"path:map00040"	"Pentose and glucuronate interconversions"	89	NA	0.0469957157902173	1
"path:map00230"	"Purine metabolism"	217	NA	0.0474470817405354	1
"br:br01600"	"Antimicrobial resistance: KEGG signatures"	90	NA	0.0483054204500012	1
"path:map00061"	"Fatty acid biosynthesis"	39	NA	0.0485385892130913	1
"md:M00007"	"Pentose phosphate pathway, non-oxidative phase, fructose 6P => ribose 5P"	6	NA	0.0531563585840208	1
"md:M00029"	"Urea cycle"	6	NA	0.0531563585840208	1
"path:map00670"	"One carbon pool by folate"	42	NA	0.055426170356306	1
"path:map00625"	"Chloroalkane and chloroalkene degradation"	43	NA	0.0577941931991911	1
"md:M00035"	"Methionine degradation"	7	NA	0.0617390601922151	1
"md:M00845"	"Arginine biosynthesis, glutamate => acetylcitrulline => arginine"	7	NA	0.0617390601922151	1
"md:M00114"	"Ascorbate biosynthesis, plants, fructose-6P => ascorbate"	8	NA	0.0702445803514709	1
"md:M00868"	"Heme biosynthesis, animals and fungi, glycine => heme"	8	NA	0.0702445803514709	1
"path:map00330"	"Arginine and proline metabolism"	107	NA	0.0732162225203394	1
"br:ko01007"	"Amino acid related enzymes"	108	NA	0.0748307735511532	1
"md:M00526"	"Lysine biosynthesis, DAP dehydrogenase pathway, aspartate => lysine"	10	NA	0.0786736075821111	1
"md:M00572"	"Pimeloyl-ACP biosynthesis, BioC-BioH pathway, malonyl-ACP => pimeloyl-ACP"	10	NA	0.087026824311801	1
"md:M00872"	"O-glycan biosynthesis, mannose type (core M3)"	10	NA	0.087026824311801	1
"md:M00895"	"Thiamine biosynthesis, prokaryotes, AIR (+ DXP/glycine) => TMP/TPP"	10	NA	0.087026824311801	1
"path:map00720"	"Carbon fixation pathways in prokaryotes"	116	NA	0.0883048197714416	1
"path:map04070"	"Phosphatidylinositol signaling system"	55	NA	0.0886929886565635	1
"md:M00032"	"Lysine degradation, lysine => saccharopine => acetoacetyl-CoA"	11	NA	0.095304906929023	1
"md:M00117"	"Ubiquinone biosynthesis, prokaryotes, chorismate (+ polyprenyl-PP) => ubiquinol"	12	NA	0.095304906929023	1
"md:M00878"	"Phenylacetate degradation, phenylaxetate => acetyl-CoA/succinyl-CoA"	11	NA	0.095304906929023	1
"path:map04213"	"Longevity regulating pathway - multiple species"	58	NA	0.0970444567396734	1
"path:map00071"	"Fatty acid degradation"	59	NA	0.0998765331992038	1
"path:map00680"	"Methane metabolism"	195	NA	0.101160806968925	1
"path:map00220"	"Arginine biosynthesis"	60	NA	0.102731643166851	1
"md:M00014"	"Glucuronate pathway (uronate pathway)"	12	NA	0.103508525836087	1
"md:M00025"	"Tyrosine biosynthesis, chorismate => HPP => tyrosine"	12	NA	0.103508525836087	1
"path:map00903"	"Limonene and pinene degradation"	12	NA	0.103508525836087	1
"path:map02026"	"Biofilm formation - Escherichia coli"	61	NA	0.105609145214389	1
"md:M00016"	"Lysine biosynthesis, succinyl-DAP pathway, aspartate => lysine"	14	NA	0.111638345501677	1
"md:M00024"	"Phenylalanine biosynthesis, chorismate => phenylpyruvate => phenylalanine"	13	NA	0.111638345501677	1
"md:M00036"	"Leucine degradation, leucine => acetoacetate + acetyl-CoA"	13	NA	0.111638345501677	1
"md:M00373"	"Ethylmalonyl pathway"	13	NA	0.111638345501677	1
"md:M00741"	"Propanoyl-CoA metabolism, propanoyl-CoA => succinyl-CoA"	13	NA	0.111638345501677	1
"md:M00082"	"Fatty acid biosynthesis, initiation"	14	NA	0.119695024512943	1
"md:M00083"	"Fatty acid biosynthesis, elongation"	14	NA	0.119695024512943	1
"path:map04964"	"Proximal tubule bicarbonate reclamation"	14	NA	0.119695024512943	1
"path:map00020"	"Citrate cycle (TCA cycle)"	66	NA	0.120310749472136	1
"md:M00849"	"C5 isoprenoid biosynthesis, mevalonate pathway, archaea"	15	NA	0.127679215627142	1
"path:map00531"	"Glycosaminoglycan degradation"	15	NA	0.127679215627142	1
"md:M00375"	"Hydroxypropionate-hydroxybutylate cycle"	19	NA	0.15120330278325	1
"path:map00981"	"Insect hormone biosynthesis"	18	NA	0.15120330278325	1
"path:map00332"	"Carbapenem biosynthesis"	19	NA	0.158903955066027	1
"path:map03018"	"RNA degradation"	79	NA	0.16055689626601	1
"path:map00380"	"Tryptophan metabolism"	80	NA	0.163750013302291	1
"br:ko01504"	"Antimicrobial resistance genes"	237	NA	0.168194944299342	1
"md:M00959"	"Guanine ribonucleotide degradation, GMP => Urate"	21	NA	0.174097949119347	1
"path:map00515"	"Mannose type O-glycan biosynthesis"	21	NA	0.174097949119347	1
"path:map00521"	"Streptomycin biosynthesis"	21	NA	0.174097949119347	1
"path:map00946"	"Degradation of flavonoids"	21	NA	0.174097949119347	1
"path:map00350"	"Tyrosine metabolism"	84	NA	0.176632100907632	1
"path:map00790"	"Folate biosynthesis"	84	NA	0.176632100907632	1
"path:map01212"	"Fatty acid metabolism"	84	NA	0.176632100907632	1
"path:map01502"	"Vancomycin resistance"	22	NA	0.181592523083781	1
"md:M00958"	"Adenine ribonucleotide degradation, AMP => Urate"	27	NA	0.189019627382789	1
"md:M00048"	"De novo purine biosynthesis, PRPP + glutamine => IMP"	31	NA	0.196379864555311	1
"path:map00561"	"Glycerolipid metabolism"	91	NA	0.199529688382243	1
"path:map00310"	"Lysine degradation"	98	NA	0.222757298285772	1
"path:map00626"	"Naphthalene degradation"	29	NA	0.232198761364927	1
"path:map00514"	"Other types of O-glycan biosynthesis"	31	NA	0.246078749324835	1
"path:map00940"	"Phenylpropanoid biosynthesis"	32	NA	0.252925110119197	1
"path:map00650"	"Butanoate metabolism"	113	NA	0.273071338878488	1
"md:M00011"	"Citrate cycle, second carbon oxidation, 2-oxoglutarate => oxaloacetate"	36	NA	0.27969925189456	1
"path:map00460"	"Cyanoamino acid metabolism"	36	NA	0.27969925189456	1
"path:map00710"	"Carbon fixation in photosynthetic organisms"	36	NA	0.27969925189456	1
"path:map01232"	"Nucleotide metabolism"	119	NA	0.293222189746649	1
"path:map01220"	"Degradation of aromatic compounds"	215	NA	0.309057207438441	1
"md:M00009"	"Citrate cycle (TCA cycle, Krebs cycle)"	42	NA	0.318085736332439	1
"br:br01612"	"DNA polymerases"	44	NA	0.324283154026088	1
"path:map03410"	"Base excision repair"	43	NA	0.324283154026088	1
"path:map00440"	"Phosphonate and phosphinate metabolism"	44	NA	0.330424694471572	1
"path:map00770"	"Pantothenate and CoA biosynthesis"	44	NA	0.330424694471572	1
"path:map00410"	"beta-Alanine metabolism"	45	NA	0.33651085744358	1
"path:map05230"	"Central carbon metabolism in cancer"	49	NA	0.360311575716193	1
"path:map00470"	"D-Amino acid metabolism"	53	NA	0.383265099774002	1
"path:map00550"	"Peptidoglycan biosynthesis"	53	NA	0.383265099774002	1
"br:ko01004"	"Lipid biosynthesis proteins"	147	NA	0.385579247112241	1
"path:map02040"	"Flagellar assembly"	55	NA	0.394433555852841	1
"path:map00906"	"Carotenoid biosynthesis"	56	NA	0.39994231107578	1
"path:map00999"	"Biosynthesis of various plant secondary metabolites; Including: Crocin biosynthesis, Cannabidiol biosynthesis, Mugineic acid biosynthesis, Pentagalloylglucose biosynthesis, Benzoxazinoid biosynthesis, Gramine biosynthesis, Coumarin biosynthesis, Furanocoumarin biosynthesis, Hordatine biosynthesis, Podophyllotoxin biosynthesis"	56	NA	0.39994231107578	1
"path:map04212"	"Longevity regulating pathway - worm"	57	NA	0.40540135118608	1
"path:map04361"	"Axon regeneration"	59	NA	0.41617206243762	1
"path:map05231"	"Choline metabolism in cancer"	61	NA	0.426749203028492	1
"path:map00053"	"Ascorbate and aldarate metabolism"	62	NA	0.431966265250657	1
"path:map00540"	"Lipopolysaccharide biosynthesis"	62	NA	0.431966265250657	1
"path:map00900"	"Terpenoid backbone biosynthesis"	63	NA	0.437136224246118	1
"path:map04211"	"Longevity regulating pathway"	68	NA	0.46229410617742	1
"path:map04727"	"GABAergic synapse"	69	NA	0.467190175286381	1
"path:map00400"	"Phenylalanine, tyrosine and tryptophan biosynthesis"	72	NA	0.481614598669162	1
"path:map00360"	"Phenylalanine metabolism"	74	NA	0.491014980400143	1
"path:map04146"	"Peroxisome"	74	NA	0.491014980400143	1
"path:map00562"	"Inositol phosphate metabolism"	76	NA	0.500246235121665	1
"br:ko00537"	"Glycosylphosphatidylinositol (GPI)-anchored proteins"	79	NA	0.513782592932669	1
"path:map01210"	"2-Oxocarboxylic acid metabolism"	82	NA	0.526955158398776	1
"path:map04013"	"MAPK signaling pathway - fly"	84	NA	0.535539562733847	1
"path:map05146"	"Amoebiasis"	87	NA	0.54812723674532	1
"path:map04724"	"Glutamatergic synapse"	88	NA	0.55224745670351	1
"path:map04910"	"Insulin signaling pathway"	88	NA	0.55224745670351	1
"br:ko02042"	"Bacterial toxins"	89	NA	0.556330405923824	1
"path:map00627"	"Aminobenzoate degradation"	89	NA	0.556330405923824	1
"path:map00760"	"Nicotinate and nicotinamide metabolism"	95	NA	0.580063938003265	1
"path:map04068"	"FoxO signaling pathway"	102	NA	0.606165297388898	1
"path:map04113"	"Meiosis - yeast"	103	NA	0.609760254145608	1
"path:map04936"	"Alcoholic liver disease"	105	NA	0.616852795325367	1
"path:map04072"	"Phospholipase D signaling pathway"	108	NA	0.62725252409215	1
"path:map00240"	"Pyrimidine metabolism"	110	NA	0.634029609628843	1
"path:map01501"	"beta-Lactam resistance"	112	NA	0.640684445933147	1
"path:map00564"	"Glycerophospholipid metabolism"	115	NA	0.650442258124577	1
"br:ko00194"	"Photosynthesis proteins"	138	NA	0.717017040782125	1
"path:map05417"	"Lipid and atherosclerosis"	159	NA	0.766737467953229	1
"path:map05208"	"Chemical carcinogenesis - reactive oxygen species"	175	NA	0.798709934245203	1
"br:ko02048"	"Prokaryotic defense system"	183	NA	0.813025369710193	1
"path:map05016"	"Huntington disease"	229	NA	0.877767477277246	1
"path:map05206"	"MicroRNAs in cancer"	245	NA	0.894602069520342	1
"md:M00010"	"Citrate cycle, first carbon oxidation, oxaloacetate => 2-oxoglutarate"	6	NA	1	1
"md:M00012"	"Glyoxylate cycle"	9	NA	1	1
"md:M00013"	"Malonate semialdehyde pathway, propanoyl-CoA => acetyl-CoA"	7	NA	1	1
"md:M00017"	"Methionine biosynthesis, aspartate => homoserine => methionine"	15	NA	1	1
"md:M00018"	"Threonine biosynthesis, aspartate => homoserine => threonine"	12	NA	1	1
"md:M00019"	"Valine/isoleucine biosynthesis, pyruvate => valine / 2-oxobutanoate => isoleucine"	6	NA	1	1
"md:M00020"	"Serine biosynthesis, glycerate-3P => serine"	6	NA	1	1
"md:M00021"	"Cysteine biosynthesis, serine => cysteine"	5	NA	1	1
"md:M00022"	"Shikimate pathway, phosphoenolpyruvate + erythrose-4P => chorismate"	16	NA	1	1
"md:M00023"	"Tryptophan biosynthesis, chorismate => tryptophan"	17	NA	1	1
"md:M00026"	"Histidine biosynthesis, PRPP => histidine"	20	NA	1	1
"md:M00027"	"GABA (gamma-Aminobutyrate) shunt"	8	NA	1	1
"md:M00028"	"Ornithine biosynthesis, glutamate => ornithine"	16	NA	1	1
"md:M00030"	"Lysine biosynthesis, AAA pathway, 2-oxoglutarate => 2-aminoadipate => lysine"	9	NA	1	1
"md:M00031"	"Lysine biosynthesis, mediated by LysW, 2-aminoadipate => lysine"	6	NA	1	1
"md:M00033"	"Ectoine biosynthesis, aspartate => ectoine"	5	NA	1	1
"md:M00038"	"Tryptophan metabolism, tryptophan => kynurenine => 2-aminomuconate"	11	NA	1	1
"md:M00039"	"Monolignol biosynthesis, phenylalanine/tyrosine => monolignol"	12	NA	1	1
"md:M00040"	"Tyrosine biosynthesis, chorismate => arogenate => tyrosine"	8	NA	1	1
"md:M00042"	"Catecholamine biosynthesis, tyrosine => dopamine => noradrenaline => adrenaline"	5	NA	1	1
"md:M00044"	"Tyrosine degradation, tyrosine => homogentisate"	9	NA	1	1
"md:M00046"	"Pyrimidine degradation, uracil => beta-alanine, thymine => 3-aminoisobutanoate"	6	NA	1	1
"md:M00049"	"Adenine ribonucleotide biosynthesis, IMP => ADP,ATP"	7	NA	1	1
"md:M00050"	"Guanine ribonucleotide biosynthesis, IMP => GDP,GTP"	5	NA	1	1
"md:M00051"	"De novo pyrimidine biosynthesis, glutamine (+ PRPP) => UMP"	16	NA	1	1
"md:M00052"	"Pyrimidine ribonucleotide biosynthesis, UMP => UDP/UTP,CDP/CTP"	6	NA	1	1
"md:M00053"	"Deoxyribonucleotide biosynthesis, ADP/GDP/CDP/UDP => dATP/dGTP/dCTP/dUTP"	6	NA	1	1
"md:M00055"	"N-glycan precursor biosynthesis"	14	NA	1	1
"md:M00056"	"O-glycan biosynthesis, mucin type core"	7	NA	1	1
"md:M00059"	"Glycosaminoglycan biosynthesis, heparan sulfate backbone"	11	NA	1	1
"md:M00060"	"KDO2-lipid A biosynthesis, Raetz pathway, LpxL-LpxM type"	10	NA	1	1
"md:M00061"	"D-Glucuronate degradation, D-glucuronate => pyruvate + D-glyceraldehyde 3P"	7	NA	1	1
"md:M00064"	"ADP-L-glycero-D-manno-heptose biosynthesis"	7	NA	1	1
"md:M00065"	"GPI-anchor biosynthesis, core oligosaccharide"	19	NA	1	1
"md:M00071"	"Glycosphingolipid biosynthesis, neolacto-series, LacCer => nLc4Cer"	5	NA	1	1
"md:M00072"	"N-glycosylation by oligosaccharyltransferase"	8	NA	1	1
"md:M00074"	"N-glycan biosynthesis, high-mannose type"	12	NA	1	1
"md:M00075"	"N-glycan biosynthesis, complex type"	13	NA	1	1
"md:M00076"	"Dermatan sulfate degradation"	5	NA	1	1
"md:M00078"	"Heparan sulfate degradation"	9	NA	1	1
"md:M00085"	"Fatty acid elongation in mitochondria"	6	NA	1	1
"md:M00087"	"beta-Oxidation"	19	NA	1	1
"md:M00088"	"Ketone body biosynthesis, acetyl-CoA => acetoacetate/3-hydroxybutyrate/acetone"	5	NA	1	1
"md:M00089"	"Triacylglycerol biosynthesis"	22	NA	1	1
"md:M00090"	"Phosphatidylcholine (PC) biosynthesis, choline => PC"	5	NA	1	1
"md:M00092"	"Phosphatidylethanolamine (PE) biosynthesis, ethanolamine => PE"	5	NA	1	1
"md:M00094"	"Ceramide biosynthesis"	8	NA	1	1
"md:M00095"	"C5 isoprenoid biosynthesis, mevalonate pathway"	8	NA	1	1
"md:M00096"	"C5 isoprenoid biosynthesis, non-mevalonate pathway"	10	NA	1	1
"md:M00097"	"beta-Carotene biosynthesis, GGAP => beta-carotene"	6	NA	1	1
"md:M00098"	"Acylglycerol degradation"	16	NA	1	1
"md:M00099"	"Sphingosine biosynthesis"	11	NA	1	1
"md:M00101"	"Cholesterol biosynthesis, squalene 2,3-epoxide => cholesterol"	10	NA	1	1
"md:M00102"	"Ergocalciferol biosynthesis, squalene 2,3-epoxide => ergosterol/ergocalciferol"	11	NA	1	1
"md:M00104"	"Bile acid biosynthesis, cholesterol => cholate/chenodeoxycholate"	12	NA	1	1
"md:M00109"	"C21-Steroid hormone biosynthesis, progesterone => cortisol/cortisone"	5	NA	1	1
"md:M00113"	"Jasmonic acid biosynthesis"	8	NA	1	1
"md:M00115"	"NAD biosynthesis, aspartate => quinolinate => NAD"	8	NA	1	1
"md:M00116"	"Menaquinone biosynthesis, chorismate (+ polyprenyl-PP) => menaquinol"	9	NA	1	1
"md:M00118"	"Glutathione biosynthesis, glutamate => glutathione"	5	NA	1	1
"md:M00119"	"Pantothenate biosynthesis, valine/L-aspartate => pantothenate"	6	NA	1	1
"md:M00120"	"Coenzyme A biosynthesis, pantothenate => CoA"	12	NA	1	1
"md:M00124"	"Pyridoxal-P biosynthesis, erythrose-4P => pyridoxal-P"	6	NA	1	1
"md:M00125"	"Riboflavin biosynthesis, plants and bacteria, GTP => riboflavin/FMN/FAD"	18	NA	1	1
"md:M00126"	"Tetrahydrofolate biosynthesis, GTP => THF"	18	NA	1	1
"md:M00128"	"Ubiquinone biosynthesis, eukaryotes, 4-hydroxybenzoate + polyprenyl-PP => ubiquinol"	6	NA	1	1
"md:M00129"	"Ascorbate biosynthesis, animals, glucose-1P => ascorbate"	7	NA	1	1
"md:M00130"	"Inositol phosphate metabolism, PI=> PIP2 => Ins(1,4,5)P3 => Ins(1,3,4,5)P4"	12	NA	1	1
"md:M00133"	"Polyamine biosynthesis, arginine => agmatine => putrescine => spermidine"	7	NA	1	1
"md:M00137"	"Flavanone biosynthesis, phenylalanine => naringenin"	5	NA	1	1
"md:M00140"	"C1-unit interconversion, prokaryotes"	5	NA	1	1
"md:M00142"	"NADH:ubiquinone oxidoreductase, mitochondria"	7	NA	1	1
"md:M00143"	"NADH dehydrogenase (ubiquinone) Fe-S protein/flavoprotein complex, mitochondria"	11	NA	1	1
"md:M00145"	"NAD(P)H:quinone oxidoreductase, chloroplasts and cyanobacteria"	14	NA	1	1
"md:M00146"	"NADH dehydrogenase (ubiquinone) 1 alpha subcomplex"	14	NA	1	1
"md:M00147"	"NADH dehydrogenase (ubiquinone) 1 beta subcomplex"	13	NA	1	1
"md:M00148"	"Succinate dehydrogenase (ubiquinone)"	5	NA	1	1
"md:M00149"	"Succinate dehydrogenase, prokaryotes"	6	NA	1	1
"md:M00151"	"Cytochrome bc1 complex respiratory unit"	10	NA	1	1
"md:M00152"	"Cytochrome bc1 complex"	10	NA	1	1
"md:M00154"	"Cytochrome c oxidase"	17	NA	1	1
"md:M00155"	"Cytochrome c oxidase, prokaryotes"	5	NA	1	1
"md:M00156"	"Cytochrome c oxidase, cbb3-type"	5	NA	1	1
"md:M00157"	"F-type ATPase, prokaryotes and chloroplasts"	8	NA	1	1
"md:M00158"	"F-type ATPase, eukaryotes"	20	NA	1	1
"md:M00160"	"V-type ATPase, eukaryotes"	14	NA	1	1
"md:M00161"	"Photosystem II"	6	NA	1	1
"md:M00162"	"Cytochrome b6f complex"	8	NA	1	1
"md:M00163"	"Photosystem I"	6	NA	1	1
"md:M00165"	"Reductive pentose phosphate cycle (Calvin cycle)"	22	NA	1	1
"md:M00166"	"Reductive pentose phosphate cycle, ribulose-5P => glyceraldehyde-3P"	7	NA	1	1
"md:M00167"	"Reductive pentose phosphate cycle, glyceraldehyde-3P => ribulose-5P"	15	NA	1	1
"md:M00171"	"C4-dicarboxylic acid cycle, NAD - malic enzyme type"	9	NA	1	1
"md:M00173"	"Reductive citrate cycle (Arnon-Buchanan cycle)"	43	NA	1	1
"md:M00174"	"Methane oxidation, methanotroph, methane => formaldehyde"	12	NA	1	1
"md:M00175"	"Nitrogen fixation, nitrogen => ammonia"	8	NA	1	1
"md:M00176"	"Assimilatory sulfate reduction, sulfate => H2S"	12	NA	1	1
"md:M00308"	"Semi-phosphorylative Entner-Doudoroff pathway, gluconate => glycerate-3P"	7	NA	1	1
"md:M00309"	"Non-phosphorylative Entner-Doudoroff pathway, gluconate/galactonate => glycerate"	8	NA	1	1
"md:M00345"	"Formaldehyde assimilation, ribulose monophosphate pathway"	7	NA	1	1
"md:M00346"	"Formaldehyde assimilation, serine pathway"	10	NA	1	1
"md:M00356"	"Methanogenesis, methanol => methane"	22	NA	1	1
"md:M00357"	"Methanogenesis, acetate => methane"	33	NA	1	1
"md:M00358"	"Coenzyme M biosynthesis"	5	NA	1	1
"md:M00370"	"Glucosinolate biosynthesis, tryptophan => glucobrassicin"	6	NA	1	1
"md:M00371"	"Castasterone biosynthesis, campesterol => castasterone"	10	NA	1	1
"md:M00372"	"Abscisic acid biosynthesis, beta-carotene => abscisic acid"	7	NA	1	1
"md:M00374"	"Dicarboxylate-hydroxybutyrate cycle"	23	NA	1	1
"md:M00377"	"Reductive acetyl-CoA pathway (Wood-Ljungdahl pathway)"	16	NA	1	1
"md:M00378"	"F420 biosynthesis, archaea"	5	NA	1	1
"md:M00415"	"Fatty acid elongation in endoplasmic reticulum"	13	NA	1	1
"md:M00418"	"Toluene degradation, anaerobic, toluene => benzoyl-CoA"	9	NA	1	1
"md:M00422"	"Acetyl-CoA pathway, CO2 => acetyl-CoA"	5	NA	1	1
"md:M00432"	"Leucine biosynthesis, 2-oxoisovalerate => 2-oxoisocaproate"	5	NA	1	1
"md:M00433"	"Lysine biosynthesis, 2-oxoglutarate => 2-oxoadipate"	6	NA	1	1
"md:M00525"	"Lysine biosynthesis, acetyl-DAP pathway, aspartate => lysine"	9	NA	1	1
"md:M00527"	"Lysine biosynthesis, DAP aminotransferase pathway, aspartate => lysine"	11	NA	1	1
"md:M00529"	"Denitrification, nitrate => nitrogen"	10	NA	1	1
"md:M00530"	"Dissimilatory nitrate reduction, nitrate => ammonia"	9	NA	1	1
"md:M00531"	"Assimilatory nitrate reduction, nitrate => ammonia"	9	NA	1	1
"md:M00534"	"Naphthalene degradation, naphthalene => salicylate"	9	NA	1	1
"md:M00538"	"Toluene degradation, toluene => benzoate"	8	NA	1	1
"md:M00539"	"Cumate degradation, p-cumate => 2-oxopent-4-enoate + 2-methylpropanoate"	8	NA	1	1
"md:M00540"	"Benzoate degradation, cyclohexanecarboxylic acid =>pimeloyl-CoA"	5	NA	1	1
"md:M00541"	"Benzoyl-CoA degradation, benzoyl-CoA => 3-hydroxypimeloyl-CoA"	9	NA	1	1
"md:M00542"	"EHEC/EPEC pathogenicity signature, T3SS and effectors"	17	NA	1	1
"md:M00543"	"Biphenyl degradation, biphenyl => 2-oxopent-4-enoate + benzoate"	7	NA	1	1
"md:M00544"	"Carbazole degradation, carbazole => 2-oxopent-4-enoate + anthranilate"	6	NA	1	1
"md:M00545"	"Trans-cinnamate degradation, trans-cinnamate => acetyl-CoA"	11	NA	1	1
"md:M00546"	"Purine degradation, xanthine => urea"	21	NA	1	1
"md:M00547"	"Benzene/toluene degradation, benzene => catechol / toluene => 3-methylcatechol"	5	NA	1	1
"md:M00548"	"Benzene degradation, benzene => catechol"	6	NA	1	1
"md:M00549"	"Nucleotide sugar biosynthesis, glucose => UDP-glucose"	10	NA	1	1
"md:M00550"	"Ascorbate degradation, ascorbate => D-xylulose-5P"	7	NA	1	1
"md:M00552"	"D-galactonate degradation, De Ley-Doudoroff pathway, D-galactonate => glycerate-3P"	5	NA	1	1
"md:M00555"	"Betaine biosynthesis, choline => betaine"	6	NA	1	1
"md:M00563"	"Methanogenesis, methylamine/dimethylamine/trimethylamine => methane"	26	NA	1	1
"md:M00564"	"Helicobacter pylori pathogenicity signature, cagA pathogenicity island"	27	NA	1	1
"md:M00565"	"Trehalose biosynthesis, D-glucose 1P => trehalose"	7	NA	1	1
"md:M00567"	"Methanogenesis, CO2 => methane"	40	NA	1	1
"md:M00568"	"Catechol ortho-cleavage, catechol => 3-oxoadipate"	5	NA	1	1
"md:M00569"	"Catechol meta-cleavage, catechol => acetyl-CoA / 4-methylcatechol => propanoyl-CoA"	12	NA	1	1
"md:M00570"	"Isoleucine biosynthesis, threonine => 2-oxobutanoate => isoleucine"	8	NA	1	1
"md:M00574"	"Pertussis pathogenicity signature, pertussis toxin"	5	NA	1	1
"md:M00575"	"Pertussis pathogenicity signature, T1SS"	5	NA	1	1
"md:M00580"	"Pentose phosphate pathway, archaea, fructose 6P => ribose 5P"	5	NA	1	1
"md:M00595"	"Thiosulfate oxidation by SOX complex, thiosulfate => sulfate"	7	NA	1	1
"md:M00596"	"Dissimilatory sulfate reduction, sulfate => H2S"	5	NA	1	1
"md:M00615"	"Nitrate assimilation"	5	NA	1	1
"md:M00616"	"Sulfate-sulfur assimilation"	5	NA	1	1
"md:M00620"	"Incomplete reductive citrate cycle, acetyl-CoA => oxoglutarate"	17	NA	1	1
"md:M00622"	"Nicotinate degradation, nicotinate => fumarate"	7	NA	1	1
"md:M00630"	"D-Galacturonate degradation (fungi), D-galacturonate => glycerol"	5	NA	1	1
"md:M00631"	"D-Galacturonate degradation (bacteria), D-galacturonate => pyruvate + D-glyceraldehyde 3P"	8	NA	1	1
"md:M00633"	"Semi-phosphorylative Entner-Doudoroff pathway, gluconate/galactonate => glycerate-3P"	5	NA	1	1
"md:M00636"	"Phthalate degradation, phthalate => protocatechuate"	6	NA	1	1
"md:M00637"	"Anthranilate degradation, anthranilate => catechol"	7	NA	1	1
"md:M00649"	"Multidrug resistance, efflux pump AdeABC"	5	NA	1	1
"md:M00651"	"Vancomycin resistance, D-Ala-D-Lac type"	11	NA	1	1
"md:M00660"	"Xanthomonas spp. pathogenicity signature, T3SS and effectors"	18	NA	1	1
"md:M00673"	"Cephamycin C biosynthesis, aminoadipate + cycteine + valine => cephamycin C"	8	NA	1	1
"md:M00725"	"Cationic antimicrobial peptide (CAMP) resistance, dltABCD operon"	6	NA	1	1
"md:M00736"	"Nocardicin A biosynthesis, L-pHPG + arginine + serine => nocardicin A"	6	NA	1	1
"md:M00740"	"Methylaspartate cycle"	12	NA	1	1
"md:M00745"	"Imipenem resistance, repression of porin OprD"	6	NA	1	1
"md:M00763"	"Ornithine biosynthesis, mediated by LysW, glutamate => ornithine"	6	NA	1	1
"md:M00769"	"Multidrug resistance, efflux pump MexPQ-OpmE"	5	NA	1	1
"md:M00773"	"Tylosin biosynthesis, methylmalonyl-CoA + malonyl-CoA => tylactone => tylosin"	13	NA	1	1
"md:M00774"	"Erythromycin biosynthesis, propanoyl-CoA + methylmalonyl-CoA => deoxyerythronolide B => erythromycin A/B"	9	NA	1	1
"md:M00775"	"Oleandomycin biosynthesis, malonyl-CoA + methylmalonyl-CoA => 8,8a-deoxyoleandolide => oleandomycin"	7	NA	1	1
"md:M00776"	"Pikromycin/methymycin biosynthesis, methylmalonyl-CoA + malonyl-CoA => narbonolide/10-deoxymethynolide => pikromycin/methymycin"	7	NA	1	1
"md:M00777"	"Avermectin biosynthesis, 2-methylbutanoyl-CoA/isobutyryl-CoA => 6,8a-Seco-6,8a-deoxy-5-oxoavermectin 1a/1b aglycone => avermectin A1a/B1a/A1b/B1b"	8	NA	1	1
"md:M00778"	"Type II polyketide backbone biosynthesis, acyl-CoA + malonyl-CoA => polyketide"	11	NA	1	1
"md:M00779"	"Dihydrokalafungin biosynthesis, octaketide => dihydrokalafungin"	8	NA	1	1
"md:M00780"	"Tetracycline/oxytetracycline biosynthesis, pretetramide => tetracycline/oxytetracycline"	7	NA	1	1
"md:M00782"	"Mithramycin biosynthesis, 4-demethylpremithramycinone => mithramycin"	8	NA	1	1
"md:M00783"	"Tetracenomycin C/8-demethyltetracenomycin C biosynthesis, tetracenomycin F2 => tetracenomycin C/8-demethyltetracenomycin C"	6	NA	1	1
"md:M00784"	"Elloramycin biosynthesis, 8-demethyltetracenomycin C => elloramycin A"	5	NA	1	1
"md:M00785"	"Cycloserine biosynthesis, arginine/serine => cycloserine"	6	NA	1	1
"md:M00786"	"Fumitremorgin alkaloid biosynthesis, tryptophan + proline => fumitremorgin C/A"	9	NA	1	1
"md:M00787"	"Bacilysin biosynthesis, prephenate => bacilysin"	6	NA	1	1
"md:M00789"	"Rebeccamycin biosynthesis, tryptophan => rebeccamycin"	7	NA	1	1
"md:M00793"	"dTDP-L-rhamnose biosynthesis"	5	NA	1	1
"md:M00797"	"dTDP-D-desosamine biosynthesis"	6	NA	1	1
"md:M00798"	"dTDP-L-mycarose biosynthesis"	6	NA	1	1
"md:M00799"	"dTDP-L-oleandrose biosynthesis"	5	NA	1	1
"md:M00800"	"dTDP-L-megosamine biosynthesis"	5	NA	1	1
"md:M00802"	"dTDP-D-forosamine biosynthesis"	5	NA	1	1
"md:M00804"	"Complete nitrification, comammox, ammonia => nitrite => nitrate"	6	NA	1	1
"md:M00805"	"Staurosporine biosynthesis, tryptophan => staurosporine"	8	NA	1	1
"md:M00808"	"Violacein biosynthesis, tryptophan => violacein"	5	NA	1	1
"md:M00810"	"Nicotine degradation, pyridine pathway, nicotine => 2,6-dihydroxypyridine/succinate semialdehyde"	10	NA	1	1
"md:M00811"	"Nicotine degradation, pyrrolidine pathway, nicotine => succinate semialdehyde"	9	NA	1	1
"md:M00814"	"Acarbose biosynthesis, sedoheptulopyranose-7P => acarbose"	8	NA	1	1
"md:M00815"	"Validamycin A biosynthesis, sedoheptulopyranose-7P => validamycin A"	9	NA	1	1
"md:M00819"	"Pentalenolactone biosynthesis, farnesyl-PP => pentalenolactone"	7	NA	1	1
"md:M00823"	"Chlortetracycline biosynthesis, pretetramide => chlortetracycline"	9	NA	1	1
"md:M00824"	"9-membered enediyne core biosynthesis, malonyl-CoA => 3-hydroxyhexadeca-4,6,8,10,12,14-hexaenoyl-ACP => 9-membered enediyne core"	9	NA	1	1
"md:M00825"	"10-membered enediyne core biosynthesis, malonyl-CoA => 3-hydroxyhexadeca-4,6,8,10,12,14-hexaenoyl-ACP => 10-membered enediyne core"	8	NA	1	1
"md:M00826"	"C-1027 benzoxazolinate moiety biosynthesis, chorismate => benzoxazolinyl-CoA"	7	NA	1	1
"md:M00827"	"C-1027 beta-amino acid moiety biosynthesis, tyrosine => 3-chloro-4,5-dihydroxy-beta-phenylalanyl-PCP"	6	NA	1	1
"md:M00831"	"Kedarcidin 2-hydroxynaphthoate moiety biosynthesis, malonyl-CoA => 3,6,8-trihydroxy-2-naphthoate => 3-hydroxy-7,8-dimethoxy-6-isopropoxy-2-naphthoyl-CoA"	5	NA	1	1
"md:M00832"	"Kedarcidin 2-aza-3-chloro-beta-tyrosine moiety biosynthesis, azatyrosine => 2-aza-3-chloro-beta-tyrosyl-PCP"	5	NA	1	1
"md:M00833"	"Calicheamicin biosynthesis, calicheamicinone => calicheamicin"	10	NA	1	1
"md:M00834"	"Calicheamicin orsellinate moiety biosynthesis, malonyl-CoA => orsellinate-ACP => 5-iodo-2,3-dimethoxyorsellinate-ACP"	5	NA	1	1
"md:M00835"	"Pyocyanine biosynthesis, chorismate => pyocyanine"	7	NA	1	1
"md:M00836"	"Coenzyme F430 biosynthesis, sirohydrochlorin => coenzyme F430"	5	NA	1	1
"md:M00837"	"Prodigiosin biosynthesis, L-proline => prodigiosin"	11	NA	1	1
"md:M00838"	"Undecylprodigiosin biosynthesis, L-proline => undecylprodigiosin"	11	NA	1	1
"md:M00840"	"Tetrahydrofolate biosynthesis, mediated by ribA and trpF, GTP => THF"	6	NA	1	1
"md:M00841"	"Tetrahydrofolate biosynthesis, mediated by PTPS, GTP => THF"	5	NA	1	1
"md:M00848"	"Aurachin biosynthesis, anthranilate => aurachin A"	11	NA	1	1
"md:M00850"	"Vibrio cholerae pathogenicity signature, cholera toxins"	7	NA	1	1
"md:M00851"	"Carbapenem resistance"	21	NA	1	1
"md:M00852"	"Vibrio cholerae pathogenicity signature, toxin coregulated pilus"	14	NA	1	1
"md:M00853"	"ETEC pathogenicity signature, colonization factors"	5	NA	1	1
"md:M00854"	"Glycogen biosynthesis, glucose-1P => glycogen/starch"	13	NA	1	1
"md:M00855"	"Glycogen degradation, glycogen => glucose-6P"	10	NA	1	1
"md:M00857"	"Salmonella enterica pathogenicity signature, Vi antigen"	10	NA	1	1
"md:M00860"	"Bacillus anthracis pathogenicity signature, polyglutamic acid capsule biosynthesis"	7	NA	1	1
"md:M00866"	"KDO2-lipid A biosynthesis, Raetz pathway, non-LpxL-LpxM type"	11	NA	1	1
"md:M00867"	"KDO2-lipid A modification pathway"	6	NA	1	1
"md:M00873"	"Fatty acid biosynthesis in mitochondria, animals"	8	NA	1	1
"md:M00874"	"Fatty acid biosynthesis in mitochondria, fungi"	7	NA	1	1
"md:M00875"	"Staphyloferrin B biosynthesis, L-serine => staphyloferrin B"	7	NA	1	1
"md:M00879"	"Arginine succinyltransferase pathway, arginine => glutamate"	5	NA	1	1
"md:M00880"	"Molybdenum cofactor biosynthesis, GTP => molybdenum cofactor"	9	NA	1	1
"md:M00883"	"Lipoic acid biosynthesis, animals and bacteria, octanoyl-ACP => dihydrolipoyl-H => dihydrolipoyl-E2"	5	NA	1	1
"md:M00889"	"Puromycin biosynthesis, ATP => puromycin"	9	NA	1	1
"md:M00892"	"UDP-N-acetyl-D-glucosamine biosynthesis, eukaryotes, glucose => UDP-GlcNAc"	8	NA	1	1
"md:M00893"	"Lovastatin biosynthesis, malonyl-CoA => lovastatin acid"	6	NA	1	1
"md:M00896"	"Thiamine biosynthesis, archaea, AIR (+ NAD+) => TMP/TPP"	7	NA	1	1
"md:M00897"	"Thiamine biosynthesis, plants, AIR (+ NAD+) => TMP/thiamine/TPP"	5	NA	1	1
"md:M00898"	"Thiamine biosynthesis, pyridoxal-5P => TMP/thiamine/TPP"	5	NA	1	1
"md:M00899"	"Thiamine salvage pathway, HMP/HET => TMP"	5	NA	1	1
"md:M00902"	"Podophyllotoxin biosynthesis, coniferyl alcohol => podophyllotoxin"	7	NA	1	1
"md:M00903"	"Fosfomycin biosynthesis, phosphoenolpyruvate => fosfomycin"	6	NA	1	1
"md:M00906"	"Ethynylserine biosynthesis, lysine => ethynylserine"	5	NA	1	1
"md:M00909"	"UDP-N-acetyl-D-glucosamine biosynthesis, prokaryotes, glucose => UDP-GlcNAc"	8	NA	1	1
"md:M00911"	"Riboflavin biosynthesis, fungi, GTP => riboflavin/FMN/FAD"	8	NA	1	1
"md:M00912"	"NAD biosynthesis, tryptophan => quinolinate => NAD"	13	NA	1	1
"md:M00914"	"Coenzyme A biosynthesis, archaea, 2-oxoisovalerate => 4-phosphopantoate => CoA"	7	NA	1	1
"md:M00917"	"Phytosterol biosynthesis, squalene 2,3-epoxide => campesterol/sitosterol"	13	NA	1	1
"md:M00929"	"Gibberellin A1 biosynthesis, GGPP => GA1"	5	NA	1	1
"md:M00930"	"Menaquinone biosynthesis, futalosine pathway"	7	NA	1	1
"md:M00931"	"Menaquinone biosynthesis, modified futalosine pathway"	5	NA	1	1
"md:M00932"	"Phylloquinone biosynthesis, chorismate (+ phytyl-PP) => phylloquinol"	13	NA	1	1
"md:M00934"	"Mycinamicin biosynthesis, malonyl-CoA + methylmalonyl-CoA => protomycinolide IV => mycinamicin II"	12	NA	1	1
"md:M00935"	"Methanofuran biosynthesis"	6	NA	1	1
"md:M00936"	"Melatonin biosynthesis, plants, tryptophan => serotonin => melatonin"	5	NA	1	1
"md:M00937"	"Aflatoxin biosynthesis, malonyl-CoA => aflatoxin B1"	17	NA	1	1
"md:M00938"	"Pyrimidine deoxyribonucleotide biosynthesis, UDP => dTTP"	11	NA	1	1
"md:M00939"	"Pyrimidine degradation, uracil => 3-hydroxypropanoate"	7	NA	1	1
"md:M00942"	"Pterocarpan biosynthesis, daidzein => medicarpin"	5	NA	1	1
"md:M00943"	"Reticuline biosynthesis, dopamine + 4HPAA => (S)-reticuline"	5	NA	1	1
"md:M00944"	"Morphine biosynthesis, (S)-reticuline => morphine"	8	NA	1	1
"md:M00945"	"Sanguinarine biosynthesis, (S)-reticuline => sanguinarine"	7	NA	1	1
"md:M00946"	"Noscapine biosynthesis, (S)-reticuline => noscapine"	12	NA	1	1
"md:M00948"	"Hydroxyproline degradation, trans-4-hydroxy-L-proline => 2-oxoglutarate"	7	NA	1	1
"md:M00951"	"Cremeomycin biosynthesis, aspartate/3,4-AHBA => cremeomycin"	5	NA	1	1
"md:M00952"	"Benzoxazinoid biosynthesis, indoleglycerol phosphate => DIMBOA-glucoside"	8	NA	1	1
"md:M00953"	"Mugineic acid biosynthesis, methionine => 3-epihydroxymugineic acid"	5	NA	1	1
"md:M00956"	"Lysine degradation, bacteria, L-lysine => succinate"	7	NA	1	1
"md:M00957"	"Lysine degradation, bacteria, L-lysine => glutarate => succinate/acetyl-CoA"	15	NA	1	1
"md:M00960"	"Lysine degradation, bacteria, L-lysine => D-lysine => succinate"	10	NA	1	1
"md:M00961"	"Betacyanin biosynthesis, L-tyrosine => amaranthin"	5	NA	1	1
"md:M00965"	"Vindoline biosynthesis, tabersonine => vindoline"	7	NA	1	1
"br:ko00535"	"Proteoglycans"	54	NA	1	1
"br:ko00536"	"Glycosaminoglycan binding proteins"	170	NA	1	1
"br:ko01005"	"Lipopolysaccharide biosynthesis proteins"	159	NA	1	1
"br:ko01006"	"Prenyltransferases"	51	NA	1	1
"br:ko04515"	"Cell adhesion molecules"	126	NA	1	1
"br:ko02035"	"Bacterial motility proteins"	152	NA	1	1
"br:ko03012"	"Translation factors"	93	NA	1	1
"br:ko03011"	"Ribosome"	188	NA	1	1
"br:ko03032"	"DNA replication proteins"	199	NA	1	1
"br:ko03051"	"Proteasome"	78	NA	1	1
"br:ko03310"	"Nuclear receptors"	64	NA	1	1
"br:ko04031"	"GTP-binding proteins"	185	NA	1	1
"br:ko04052"	"Cytokines and growth factors"	204	NA	1	1
"br:ko04050"	"Cytokine receptors"	113	NA	1	1
"br:ko04091"	"Lectins"	130	NA	1	1
"br:ko01011"	"Peptidoglycan biosynthesis and degradation proteins"	88	NA	1	1
"br:ko04054"	"Pattern recognition receptors"	59	NA	1	1
"br:ko03210"	"Viral fusion proteins"	71	NA	1	1
"br:br01610"	"Ribosomal proteins"	178	NA	1	1
"br:br01611"	"RNA polymerases"	64	NA	1	1
"br:br01613"	"Aminoacyl-tRNA synthetases"	33	NA	1	1
"br:br01602"	"Dioxygenases"	84	NA	1	1
"path:map00052"	"Galactose metabolism"	78	NA	1	1
"path:map00062"	"Fatty acid elongation"	24	NA	1	1
"path:map00073"	"Cutin, suberine and wax biosynthesis"	14	NA	1	1
"path:map00100"	"Steroid biosynthesis"	34	NA	1	1
"path:map00120"	"Primary bile acid biosynthesis"	18	NA	1	1
"path:map00121"	"Secondary bile acid biosynthesis"	15	NA	1	1
"path:map00140"	"Steroid hormone biosynthesis"	47	NA	1	1
"path:map00195"	"Photosynthesis"	63	NA	1	1
"path:map00196"	"Photosynthesis - antenna proteins"	42	NA	1	1
"path:map00232"	"Caffeine metabolism"	16	NA	1	1
"path:map00253"	"Tetracycline biosynthesis"	17	NA	1	1
"path:map00254"	"Aflatoxin biosynthesis"	20	NA	1	1
"path:map00261"	"Monobactam biosynthesis"	28	NA	1	1
"path:map00281"	"Geraniol degradation"	16	NA	1	1
"path:map00290"	"Valine, leucine and isoleucine biosynthesis"	19	NA	1	1
"path:map00311"	"Penicillin and cephalosporin biosynthesis"	16	NA	1	1
"path:map00331"	"Clavulanic acid biosynthesis"	5	NA	1	1
"path:map00333"	"Prodigiosin biosynthesis"	20	NA	1	1
"path:map00361"	"Chlorocyclohexane and chlorobenzene degradation"	41	NA	1	1
"path:map00362"	"Benzoate degradation"	106	NA	1	1
"path:map00364"	"Fluorobenzoate degradation"	18	NA	1	1
"path:map00365"	"Furfural degradation"	8	NA	1	1
"path:map00401"	"Novobiocin biosynthesis"	30	NA	1	1
"path:map00402"	"Benzoxazinoid biosynthesis"	8	NA	1	1
"path:map00403"	"Indole diterpene alkaloid biosynthesis"	13	NA	1	1
"path:map00404"	"Staurosporine biosynthesis"	40	NA	1	1
"path:map00405"	"Phenazine biosynthesis"	16	NA	1	1
"path:map00450"	"Selenocompound metabolism"	33	NA	1	1
"path:map00480"	"Glutathione metabolism"	57	NA	1	1
"path:map00510"	"N-Glycan biosynthesis"	45	NA	1	1
"path:map00511"	"Other glycan degradation"	22	NA	1	1
"path:map00512"	"Mucin type O-glycan biosynthesis"	15	NA	1	1
"path:map00513"	"Various types of N-glycan biosynthesis"	52	NA	1	1
"path:map00522"	"Biosynthesis of 12-, 14- and 16-membered macrolides; Including: Tylosin biosynthesis, Mycinamicin biosynthesis, Erythromycin biosynthesis, Oleandomycin biosynthesis, Pikromycin/methymycin biosynthesis, Avermectin biosynthesis"	59	NA	1	1
"path:map00523"	"Polyketide sugar unit biosynthesis"	59	NA	1	1
"path:map00524"	"Neomycin, kanamycin and gentamicin biosynthesis"	58	NA	1	1
"path:map00525"	"Acarbose and validamycin biosynthesis"	27	NA	1	1
"path:map00532"	"Glycosaminoglycan biosynthesis - chondroitin sulfate / dermatan sulfate"	18	NA	1	1
"path:map00533"	"Glycosaminoglycan biosynthesis - keratan sulfate"	14	NA	1	1
"path:map00534"	"Glycosaminoglycan biosynthesis - heparan sulfate / heparin"	22	NA	1	1
"path:map00542"	"O-Antigen repeat unit biosynthesis"	35	NA	1	1
"path:map00543"	"Exopolysaccharide biosynthesis"	73	NA	1	1
"path:map00552"	"Teichoic acid biosynthesis"	41	NA	1	1
"path:map00563"	"Glycosylphosphatidylinositol (GPI)-anchor biosynthesis"	27	NA	1	1
"path:map00565"	"Ether lipid metabolism"	31	NA	1	1
"path:map00571"	"Lipoarabinomannan (LAM) biosynthesis"	14	NA	1	1
"path:map00572"	"Arabinogalactan biosynthesis - Mycobacterium"	12	NA	1	1
"path:map00590"	"Arachidonic acid metabolism"	51	NA	1	1
"path:map00591"	"Linoleic acid metabolism"	25	NA	1	1
"path:map00592"	"alpha-Linolenic acid metabolism"	26	NA	1	1
"path:map00600"	"Sphingolipid metabolism"	50	NA	1	1
"path:map00601"	"Glycosphingolipid biosynthesis - lacto and neolacto series"	27	NA	1	1
"path:map00603"	"Glycosphingolipid biosynthesis - globo and isoglobo series"	15	NA	1	1
"path:map00604"	"Glycosphingolipid biosynthesis - ganglio series"	14	NA	1	1
"path:map00621"	"Dioxin degradation"	31	NA	1	1
"path:map00622"	"Xylene degradation"	34	NA	1	1
"path:map00623"	"Toluene degradation"	46	NA	1	1
"path:map00624"	"Polycyclic aromatic hydrocarbon degradation"	43	NA	1	1
"path:map00633"	"Nitrotoluene degradation"	22	NA	1	1
"path:map00642"	"Ethylbenzene degradation"	16	NA	1	1
"path:map00643"	"Styrene degradation"	25	NA	1	1
"path:map00660"	"C5-Branched dibasic acid metabolism"	29	NA	1	1
"path:map00750"	"Vitamin B6 metabolism"	24	NA	1	1
"path:map00785"	"Lipoic acid metabolism"	13	NA	1	1
"path:map00791"	"Atrazine degradation"	16	NA	1	1
"path:map00830"	"Retinol metabolism"	50	NA	1	1
"path:map00901"	"Indole alkaloid biosynthesis"	31	NA	1	1
"path:map00902"	"Monoterpenoid biosynthesis"	42	NA	1	1
"path:map00904"	"Diterpenoid biosynthesis; Including: Gibberellin biosynthesis"	68	NA	1	1
"path:map00905"	"Brassinosteroid biosynthesis"	12	NA	1	1
"path:map00908"	"Zeatin biosynthesis"	10	NA	1	1
"path:map00909"	"Sesquiterpenoid and triterpenoid biosynthesis"	75	NA	1	1
"path:map00910"	"Nitrogen metabolism"	68	NA	1	1
"path:map00920"	"Sulfur metabolism"	109	NA	1	1
"path:map00930"	"Caprolactam degradation"	22	NA	1	1
"path:map00941"	"Flavonoid biosynthesis"	27	NA	1	1
"path:map00942"	"Anthocyanin biosynthesis"	16	NA	1	1
"path:map00943"	"Isoflavonoid biosynthesis"	18	NA	1	1
"path:map00944"	"Flavone and flavonol biosynthesis"	15	NA	1	1
"path:map00945"	"Stilbenoid, diarylheptanoid and gingerol biosynthesis"	12	NA	1	1
"path:map00950"	"Isoquinoline alkaloid biosynthesis"	62	NA	1	1
"path:map00960"	"Tropane, piperidine and pyridine alkaloid biosynthesis"	33	NA	1	1
"path:map00965"	"Betalain biosynthesis"	8	NA	1	1
"path:map00966"	"Glucosinolate biosynthesis"	21	NA	1	1
"path:map00970"	"Aminoacyl-tRNA biosynthesis"	66	NA	1	1
"path:map00980"	"Metabolism of xenobiotics by cytochrome P450"	34	NA	1	1
"path:map00982"	"Drug metabolism - cytochrome P450"	25	NA	1	1
"path:map00983"	"Drug metabolism - other enzymes"	32	NA	1	1
"path:map00984"	"Steroid degradation"	15	NA	1	1
"path:map00996"	"Biosynthesis of various alkaloids; Including: Cucurbitacin biosynthesis, Solanine and tomatine biosynthesis, Ephedrine biosynthesis, Capsaicin biosynthesis, Acridone alkaloid biosynthesis"	14	NA	1	1
"path:map00997"	"Biosynthesis of various other secondary metabolites; Including: Ditryptophenaline biosynthesis, Fumiquinazoline D biosynthesis, Paerucumarin biosynthesis, Staphyloferrin B biosynthesis, Cyclooctatin biosynthesis, Lovastatin biosynthesis, Grixazone biosynthesis, Staphyloferrin A biosynthesis, Ethynylserine biosynthesis, Aerobactin biosynthesis"	42	NA	1	1
"path:map00998"	"Biosynthesis of various antibiotics; Including: Kanosamine biosynthesis, Aurachin biosynthesis, Bacilysin biosynthesis, Puromycin biosynthesis, Dapdiamides biosynthesis, Fosfomycin biosynthesis, Cremeomycin biosynthesis, Pentalenolactone biosynthesis, Terpentecin biosynthesis, Roseoflavin biosynthesis, Cycloserine biosynthesis"	66	NA	1	1
"path:map01040"	"Biosynthesis of unsaturated fatty acids"	32	NA	1	1
"path:map01051"	"Biosynthesis of ansamycins"	32	NA	1	1
"path:map01052"	"Type I polyketide structures"	127	NA	1	1
"path:map01053"	"Biosynthesis of siderophore group nonribosomal peptides"	37	NA	1	1
"path:map01054"	"Nonribosomal peptide structures"	51	NA	1	1
"path:map01055"	"Biosynthesis of vancomycin group antibiotics"	29	NA	1	1
"path:map01056"	"Biosynthesis of type II polyketide backbone"	9	NA	1	1
"path:map01057"	"Biosynthesis of type II polyketide products"	73	NA	1	1
"path:map01059"	"Biosynthesis of enediyne antibiotics"	73	NA	1	1
"path:map01503"	"Cationic antimicrobial peptide (CAMP) resistance"	54	NA	1	1
"path:map01521"	"EGFR tyrosine kinase inhibitor resistance"	67	NA	1	1
"path:map01522"	"Endocrine resistance"	77	NA	1	1
"path:map01523"	"Antifolate resistance"	26	NA	1	1
"path:map01524"	"Platinum drug resistance"	46	NA	1	1
"path:map02030"	"Bacterial chemotaxis"	26	NA	1	1
"path:map02060"	"Phosphotransferase system (PTS)"	72	NA	1	1
"path:map03008"	"Ribosome biogenesis in eukaryotes"	82	NA	1	1
"path:map03010"	"Ribosome"	143	NA	1	1
"path:map03013"	"Nucleocytoplasmic transport"	98	NA	1	1
"path:map03015"	"mRNA surveillance pathway"	63	NA	1	1
"path:map03020"	"RNA polymerase"	67	NA	1	1
"path:map03022"	"Basal transcription factors"	36	NA	1	1
"path:map03030"	"DNA replication"	60	NA	1	1
"path:map03040"	"Spliceosome"	123	NA	1	1
"path:map03050"	"Proteasome"	49	NA	1	1
"path:map03060"	"Protein export"	39	NA	1	1
"path:map03070"	"Bacterial secretion system"	74	NA	1	1
"path:map03230"	"Viral genome structure"	119	NA	1	1
"path:map03240"	"Viral replication"	130	NA	1	1
"path:map03250"	"Viral life cycle - HIV-1"	60	NA	1	1
"path:map03260"	"Virion - Human immunodeficiency virus"	20	NA	1	1
"path:map03261"	"Virion - Influenza A virus"	12	NA	1	1
"path:map03263"	"Virion - Enterovirus"	13	NA	1	1
"path:map03264"	"Virion - Flavivirus"	14	NA	1	1
"path:map03265"	"Virion - Lyssavirus"	8	NA	1	1
"path:map03266"	"Virion - Herpesvirus"	32	NA	1	1
"path:map03267"	"Virion - Adenovirus"	19	NA	1	1
"path:map03268"	"Virion - Orthopoxvirus"	46	NA	1	1
"path:map03320"	"PPAR signaling pathway"	63	NA	1	1
"path:map03420"	"Nucleotide excision repair"	47	NA	1	1
"path:map03430"	"Mismatch repair"	44	NA	1	1
"path:map03440"	"Homologous recombination"	72	NA	1	1
"path:map03450"	"Non-homologous end-joining"	19	NA	1	1
"path:map03460"	"Fanconi anemia pathway"	54	NA	1	1
"path:map04010"	"MAPK signaling pathway"	235	NA	1	1
"path:map04011"	"MAPK signaling pathway - yeast"	91	NA	1	1
"path:map04012"	"ErbB signaling pathway"	69	NA	1	1
"path:map04014"	"Ras signaling pathway"	182	NA	1	1
"path:map04015"	"Rap1 signaling pathway"	162	NA	1	1
"path:map04016"	"MAPK signaling pathway - plant"	54	NA	1	1
"path:map04020"	"Calcium signaling pathway"	185	NA	1	1
"path:map04022"	"cGMP-PKG signaling pathway"	121	NA	1	1
"path:map04024"	"cAMP signaling pathway"	172	NA	1	1
"path:map04061"	"Viral protein interaction with cytokine and cytokine receptor"	121	NA	1	1
"path:map04062"	"Chemokine signaling pathway"	162	NA	1	1
"path:map04064"	"NF-kappa B signaling pathway"	97	NA	1	1
"path:map04066"	"HIF-1 signaling pathway"	76	NA	1	1
"path:map04071"	"Sphingolipid signaling pathway"	82	NA	1	1
"path:map04075"	"Plant hormone signal transduction"	45	NA	1	1
"path:map04110"	"Cell cycle"	111	NA	1	1
"path:map04111"	"Cell cycle - yeast"	126	NA	1	1
"path:map04112"	"Cell cycle - Caulobacter"	31	NA	1	1
"path:map04114"	"Oocyte meiosis"	80	NA	1	1
"path:map04115"	"p53 signaling pathway"	67	NA	1	1
"path:map04120"	"Ubiquitin mediated proteolysis"	133	NA	1	1
"path:map04130"	"SNARE interactions in vesicular transport"	35	NA	1	1
"path:map04136"	"Autophagy - other"	23	NA	1	1
"path:map04137"	"Mitophagy - animal"	61	NA	1	1
"path:map04138"	"Autophagy - yeast"	82	NA	1	1
"path:map04139"	"Mitophagy - yeast"	34	NA	1	1
"path:map04140"	"Autophagy - animal"	110	NA	1	1
"path:map04141"	"Protein processing in endoplasmic reticulum"	144	NA	1	1
"path:map04142"	"Lysosome"	108	NA	1	1
"path:map04144"	"Endocytosis"	169	NA	1	1
"path:map04145"	"Phagosome"	95	NA	1	1
"path:map04150"	"mTOR signaling pathway"	117	NA	1	1
"path:map04152"	"AMPK signaling pathway"	85	NA	1	1
"path:map04210"	"Apoptosis"	110	NA	1	1
"path:map04214"	"Apoptosis - fly"	56	NA	1	1
"path:map04215"	"Apoptosis - multiple species"	40	NA	1	1
"path:map04216"	"Ferroptosis"	33	NA	1	1
"path:map04217"	"Necroptosis"	97	NA	1	1
"path:map04218"	"Cellular senescence"	117	NA	1	1
"path:map04260"	"Cardiac muscle contraction"	67	NA	1	1
"path:map04261"	"Adrenergic signaling in cardiomyocytes"	99	NA	1	1
"path:map04270"	"Vascular smooth muscle contraction"	96	NA	1	1
"path:map04310"	"Wnt signaling pathway"	122	NA	1	1
"path:map04320"	"Dorso-ventral axis formation"	28	NA	1	1
"path:map04330"	"Notch signaling pathway"	33	NA	1	1
"path:map04340"	"Hedgehog signaling pathway"	45	NA	1	1
"path:map04341"	"Hedgehog signaling pathway - fly"	26	NA	1	1
"path:map04350"	"TGF-beta signaling pathway"	84	NA	1	1
"path:map04360"	"Axon guidance"	128	NA	1	1
"path:map04370"	"VEGF signaling pathway"	39	NA	1	1
"path:map04371"	"Apelin signaling pathway"	105	NA	1	1
"path:map04380"	"Osteoclast differentiation"	99	NA	1	1
"path:map04390"	"Hippo signaling pathway"	115	NA	1	1
"path:map04391"	"Hippo signaling pathway - fly"	53	NA	1	1
"path:map04392"	"Hippo signaling pathway - multiple species"	25	NA	1	1
"path:map04510"	"Focal adhesion"	149	NA	1	1
"path:map04512"	"ECM-receptor interaction"	65	NA	1	1
"path:map04514"	"Cell adhesion molecules"	109	NA	1	1
"path:map04520"	"Adherens junction"	63	NA	1	1
"path:map04530"	"Tight junction"	106	NA	1	1
"path:map04540"	"Gap junction"	60	NA	1	1
"path:map04550"	"Signaling pathways regulating pluripotency of stem cells"	114	NA	1	1
"path:map04610"	"Complement and coagulation cascades"	82	NA	1	1
"path:map04611"	"Platelet activation"	90	NA	1	1
"path:map04612"	"Antigen processing and presentation"	46	NA	1	1
"path:map04613"	"Neutrophil extracellular trap formation"	90	NA	1	1
"path:map04614"	"Renin-angiotensin system"	22	NA	1	1
"path:map04620"	"Toll-like receptor signaling pathway"	76	NA	1	1
"path:map04621"	"NOD-like receptor signaling pathway"	143	NA	1	1
"path:map04622"	"RIG-I-like receptor signaling pathway"	53	NA	1	1
"path:map04623"	"Cytosolic DNA-sensing pathway"	51	NA	1	1
"path:map04624"	"Toll and Imd signaling pathway"	57	NA	1	1
"path:map04625"	"C-type lectin receptor signaling pathway"	82	NA	1	1
"path:map04626"	"Plant-pathogen interaction"	86	NA	1	1
"path:map04630"	"JAK-STAT signaling pathway"	143	NA	1	1
"path:map04640"	"Hematopoietic cell lineage"	80	NA	1	1
"path:map04650"	"Natural killer cell mediated cytotoxicity"	93	NA	1	1
"path:map04657"	"IL-17 signaling pathway"	81	NA	1	1
"path:map04658"	"Th1 and Th2 cell differentiation"	67	NA	1	1
"path:map04659"	"Th17 cell differentiation"	87	NA	1	1
"path:map04660"	"T cell receptor signaling pathway"	86	NA	1	1
"path:map04662"	"B cell receptor signaling pathway"	58	NA	1	1
"path:map04664"	"Fc epsilon RI signaling pathway"	47	NA	1	1
"path:map04666"	"Fc gamma R-mediated phagocytosis"	64	NA	1	1
"path:map04668"	"TNF signaling pathway"	92	NA	1	1
"path:map04670"	"Leukocyte transendothelial migration"	75	NA	1	1
"path:map04672"	"Intestinal immune network for IgA production"	37	NA	1	1
"path:map04710"	"Circadian rhythm"	28	NA	1	1
"path:map04711"	"Circadian rhythm - fly"	11	NA	1	1
"path:map04712"	"Circadian rhythm - plant"	27	NA	1	1
"path:map04713"	"Circadian entrainment"	79	NA	1	1
"path:map04714"	"Thermogenesis"	188	NA	1	1
"path:map04720"	"Long-term potentiation"	43	NA	1	1
"path:map04721"	"Synaptic vesicle cycle"	55	NA	1	1
"path:map04722"	"Neurotrophin signaling pathway"	90	NA	1	1
"path:map04723"	"Retrograde endocannabinoid signaling"	119	NA	1	1
"path:map04725"	"Cholinergic synapse"	90	NA	1	1
"path:map04726"	"Serotonergic synapse"	85	NA	1	1
"path:map04728"	"Dopaminergic synapse"	84	NA	1	1
"path:map04730"	"Long-term depression"	45	NA	1	1
"path:map04740"	"Olfactory transduction"	25	NA	1	1
"path:map04742"	"Taste transduction"	41	NA	1	1
"path:map04744"	"Phototransduction"	18	NA	1	1
"path:map04745"	"Phototransduction - fly"	18	NA	1	1
"path:map04750"	"Inflammatory mediator regulation of TRP channels"	68	NA	1	1
"path:map04810"	"Regulation of actin cytoskeleton"	172	NA	1	1
"path:map04911"	"Insulin secretion"	68	NA	1	1
"path:map04912"	"GnRH signaling pathway"	64	NA	1	1
"path:map04913"	"Ovarian steroidogenesis"	40	NA	1	1
"path:map04914"	"Progesterone-mediated oocyte maturation"	65	NA	1	1
"path:map04915"	"Estrogen signaling pathway"	77	NA	1	1
"path:map04916"	"Melanogenesis"	67	NA	1	1
"path:map04917"	"Prolactin signaling pathway"	57	NA	1	1
"path:map04918"	"Thyroid hormone synthesis"	53	NA	1	1
"path:map04919"	"Thyroid hormone signaling pathway"	91	NA	1	1
"path:map04920"	"Adipocytokine signaling pathway"	53	NA	1	1
"path:map04921"	"Oxytocin signaling pathway"	112	NA	1	1
"path:map04922"	"Glucagon signaling pathway"	57	NA	1	1
"path:map04923"	"Regulation of lipolysis in adipocytes"	47	NA	1	1
"path:map04924"	"Renin secretion"	50	NA	1	1
"path:map04925"	"Aldosterone synthesis and secretion"	65	NA	1	1
"path:map04926"	"Relaxin signaling pathway"	96	NA	1	1
"path:map04927"	"Cortisol synthesis and secretion"	54	NA	1	1
"path:map04928"	"Parathyroid hormone synthesis, secretion and action"	85	NA	1	1
"path:map04929"	"GnRH secretion"	51	NA	1	1
"path:map04930"	"Type II diabetes mellitus"	37	NA	1	1
"path:map04931"	"Insulin resistance"	74	NA	1	1
"path:map04932"	"Non-alcoholic fatty liver disease"	127	NA	1	1
"path:map04933"	"AGE-RAGE signaling pathway in diabetic complications"	76	NA	1	1
"path:map04934"	"Cushing syndrome"	122	NA	1	1
"path:map04935"	"Growth hormone synthesis, secretion and action"	92	NA	1	1
"path:map04940"	"Type I diabetes mellitus"	25	NA	1	1
"path:map04950"	"Maturity onset diabetes of the young"	26	NA	1	1
"path:map04960"	"Aldosterone-regulated sodium reabsorption"	26	NA	1	1
"path:map04961"	"Endocrine and other factor-regulated calcium reabsorption"	33	NA	1	1
"path:map04962"	"Vasopressin-regulated water reabsorption"	33	NA	1	1
"path:map04966"	"Collecting duct acid secretion"	17	NA	1	1
"path:map04970"	"Salivary secretion"	64	NA	1	1
"path:map04971"	"Gastric acid secretion"	50	NA	1	1
"path:map04972"	"Pancreatic secretion"	69	NA	1	1
"path:map04973"	"Carbohydrate digestion and absorption"	22	NA	1	1
"path:map04974"	"Protein digestion and absorption"	66	NA	1	1
"path:map04975"	"Fat digestion and absorption"	28	NA	1	1
"path:map04976"	"Bile secretion"	62	NA	1	1
"path:map04977"	"Vitamin digestion and absorption"	23	NA	1	1
"path:map04978"	"Mineral absorption"	36	NA	1	1
"path:map04979"	"Cholesterol metabolism"	50	NA	1	1
"path:map05012"	"Parkinson disease"	209	NA	1	1
"path:map05017"	"Spinocerebellar ataxia"	116	NA	1	1
"path:map05020"	"Prion disease"	209	NA	1	1
"path:map05030"	"Cocaine addiction"	39	NA	1	1
"path:map05031"	"Amphetamine addiction"	46	NA	1	1
"path:map05032"	"Morphine addiction"	64	NA	1	1
"path:map05033"	"Nicotine addiction"	27	NA	1	1
"path:map05034"	"Alcoholism"	86	NA	1	1
"path:map05100"	"Bacterial invasion of epithelial cells"	76	NA	1	1
"path:map05110"	"Vibrio cholerae infection"	49	NA	1	1
"path:map05120"	"Epithelial cell signaling in Helicobacter pylori infection"	91	NA	1	1
"path:map05130"	"Pathogenic Escherichia coli infection"	152	NA	1	1
"path:map05131"	"Shigellosis"	205	NA	1	1
"path:map05132"	"Salmonella infection"	217	NA	1	1
"path:map05133"	"Pertussis"	79	NA	1	1
"path:map05134"	"Legionellosis"	69	NA	1	1
"path:map05135"	"Yersinia infection"	122	NA	1	1
"path:map05140"	"Leishmaniasis"	59	NA	1	1
"path:map05142"	"Chagas disease"	85	NA	1	1
"path:map05143"	"African trypanosomiasis"	41	NA	1	1
"path:map05144"	"Malaria"	67	NA	1	1
"path:map05145"	"Toxoplasmosis"	95	NA	1	1
"path:map05150"	"Staphylococcus aureus infection"	74	NA	1	1
"path:map05152"	"Tuberculosis"	131	NA	1	1
"path:map05160"	"Hepatitis C"	112	NA	1	1
"path:map05161"	"Hepatitis B"	132	NA	1	1
"path:map05162"	"Measles"	117	NA	1	1
"path:map05163"	"Human cytomegalovirus infection"	192	NA	1	1
"path:map05164"	"Influenza A"	128	NA	1	1
"path:map05165"	"Human papillomavirus infection"	231	NA	1	1
"path:map05166"	"Human T-cell leukemia virus 1 infection"	191	NA	1	1
"path:map05167"	"Kaposi sarcoma-associated herpesvirus infection"	169	NA	1	1
"path:map05168"	"Herpes simplex virus 1 infection"	148	NA	1	1
"path:map05169"	"Epstein-Barr virus infection"	172	NA	1	1
"path:map05170"	"Human immunodeficiency virus 1 infection"	163	NA	1	1
"path:map05171"	"Coronavirus disease - COVID-19"	220	NA	1	1
"path:map05202"	"Transcriptional misregulation in cancer"	162	NA	1	1
"path:map05203"	"Viral carcinogenesis"	174	NA	1	1
"path:map05204"	"Chemical carcinogenesis - DNA adducts"	29	NA	1	1
"path:map05205"	"Proteoglycans in cancer"	165	NA	1	1
"path:map05207"	"Chemical carcinogenesis - receptor activation"	129	NA	1	1
"path:map05210"	"Colorectal cancer"	72	NA	1	1
"path:map05211"	"Renal cell carcinoma"	56	NA	1	1
"path:map05212"	"Pancreatic cancer"	63	NA	1	1
"path:map05213"	"Endometrial cancer"	45	NA	1	1
"path:map05214"	"Glioma"	54	NA	1	1
"path:map05215"	"Prostate cancer"	81	NA	1	1
"path:map05216"	"Thyroid cancer"	34	NA	1	1
"path:map05217"	"Basal cell carcinoma"	48	NA	1	1
"path:map05218"	"Melanoma"	50	NA	1	1
"path:map05219"	"Bladder cancer"	38	NA	1	1
"path:map05220"	"Chronic myeloid leukemia"	63	NA	1	1
"path:map05221"	"Acute myeloid leukemia"	57	NA	1	1
"path:map05222"	"Small cell lung cancer"	74	NA	1	1
"path:map05223"	"Non-small cell lung cancer"	60	NA	1	1
"path:map05224"	"Breast cancer"	105	NA	1	1
"path:map05225"	"Hepatocellular carcinoma"	116	NA	1	1
"path:map05226"	"Gastric cancer"	108	NA	1	1
"path:map05235"	"PD-L1 expression and PD-1 checkpoint pathway in cancer"	73	NA	1	1
"path:map05310"	"Asthma"	20	NA	1	1
"path:map05320"	"Autoimmune thyroid disease"	25	NA	1	1
"path:map05321"	"Inflammatory bowel disease"	54	NA	1	1
"path:map05322"	"Systemic lupus erythematosus"	45	NA	1	1
"path:map05323"	"Rheumatoid arthritis"	67	NA	1	1
"path:map05330"	"Allograft rejection"	22	NA	1	1
"path:map05332"	"Graft-versus-host disease"	22	NA	1	1
"path:map05340"	"Primary immunodeficiency"	37	NA	1	1
"path:map05410"	"Hypertrophic cardiomyopathy"	79	NA	1	1
"path:map05412"	"Arrhythmogenic right ventricular cardiomyopathy"	68	NA	1	1
"path:map05414"	"Dilated cardiomyopathy"	87	NA	1	1
"path:map05415"	"Diabetic cardiomyopathy"	160	NA	1	1
"path:map05416"	"Viral myocarditis"	39	NA	1	1
"path:map05418"	"Fluid shear stress and atherosclerosis"	99	NA	1	1
