"comp"	"V2"	"n"	"p.value"	"estimate"	"q"	"V2.y"
"human"	"br:br01600"	"  24"	0.451643810491129	1.14627513195997	1	"Antimicrobial resistance: KEGG signatures"
"human"	"br:br01601"	"  45"	0.513769738329479	1.03509892644879	1	"Enzymes of 2-oxocarboxylic acid metabolism"
"human"	"br:br01602"	"  15"	0.497651369339074	1.14606108356851	1	"Dioxygenases"
"human"	"br:br01610"	"  85"	0.340837548749826	1.12734751656394	1	"Ribosomal proteins"
"human"	"br:br01611"	"  24"	0.00111534471198994	3.83875301154776	0.0732695680030313	"RNA polymerases"
"human"	"br:br01612"	"  15"	0.497651369339074	1.14606108356851	1	"DNA polymerases"
"human"	"br:br01613"	"  31"	0.978674023821571	0.439349920613862	1	"Aminoacyl-tRNA synthetases"
"human"	"br:ko00001"	"6764"	1	0	1	"KEGG Orthology (KO)"
"human"	"br:ko00194"	"  28"	0.956890389269702	0.49696850937463	1	"Photosynthesis proteins"
"human"	"br:ko00536"	"  14"	0.955488414482862	0.381355195459071	1	"Glycosaminoglycan binding proteins"
"human"	"br:ko00537"	"   5"	0.836564984383831	0.572704752383545	1	"Glycosylphosphatidylinositol (GPI)-anchored proteins"
"human"	"br:ko01000"	"3648"	0.988395782561329	0.887933730446173	1	"Enzymes"
"human"	"br:ko01001"	" 144"	0.370398497470506	1.07731111041272	1	"Protein kinases"
"human"	"br:ko01002"	" 255"	0.996452776430055	0.680649677716827	1	"Peptidases and inhibitors"
"human"	"br:ko01003"	"  99"	0.843332549624118	0.813826531435628	1	"Glycosyltransferases"
"human"	"br:ko01004"	"  44"	0.991491361787303	0.431631936446234	1	"Lipid biosynthesis proteins"
"human"	"br:ko01005"	"  94"	0.990571304065935	0.576636305299541	1	"Lipopolysaccharide biosynthesis proteins"
"human"	"br:ko01006"	"  14"	0.99375406664709	0.17588824634808	1	"Prenyltransferases"
"human"	"br:ko01007"	"  77"	0.483057593277346	1.03809384252926	1	"Amino acid related enzymes"
"human"	"br:ko01008"	"  81"	0.408578818756086	1.0842976121399	1	"Polyketide biosynthesis proteins"
"human"	"br:ko01009"	"  24"	0.896625408674709	0.60209430477477	1	"Protein phosphatases and associated proteins"
"human"	"br:ko01011"	"  85"	0.997573927528714	0.487334013871759	1	"Peptidoglycan biosynthesis and degradation proteins"
"human"	"br:ko01504"	" 125"	0.609611879602853	0.962821592996602	1	"Antimicrobial resistance genes"
"human"	"br:ko02000"	" 971"	0.00199673336309652	1.24053095802448	0.113680686138962	"Transporters"
"human"	"br:ko02022"	" 193"	0.872096299847324	0.841095488343507	1	"Two-component system"
"human"	"br:ko02035"	" 105"	0.0349872758505794	1.47741807083511	0.609778236252956	"Bacterial motility proteins"
"human"	"br:ko02042"	"  23"	0.950458451123142	0.481452278954844	1	"Bacterial toxins"
"human"	"br:ko02044"	" 252"	0.0837385291359946	1.21737450080913	0.96638789029918	"Secretion system"
"human"	"br:ko02048"	" 121"	0.853392087742879	0.821154550324416	1	"Prokaryotic defense system"
"human"	"br:ko03000"	" 295"	0.305979245626643	1.07505960557437	1	"Transcription factors"
"human"	"br:ko03009"	" 106"	0.997575406862677	0.528356022371171	1	"Ribosome biogenesis"
"human"	"br:ko03011"	"  86"	0.368069999006614	1.10767833047516	1	"Ribosome"
"human"	"br:ko03012"	"  40"	0.818822401088496	0.762725562800132	1	"Translation factors"
"human"	"br:ko03016"	" 138"	0.845033318267915	0.836542440655195	1	"Transfer RNA biogenesis"
"human"	"br:ko03019"	"  51"	0.940602954079536	0.628206860005248	1	"Messenger RNA biogenesis"
"human"	"br:ko03021"	"  63"	0.116302216995092	1.41492557953398	1	"Transcription machinery"
"human"	"br:ko03029"	"  62"	0.992229831116177	0.491563871069511	1	"Mitochondrial biogenesis"
"human"	"br:ko03032"	"  65"	0.626340725359609	0.945991257551853	1	"DNA replication proteins"
"human"	"br:ko03036"	" 110"	0.726276943573011	0.897662669793057	1	"Chromosome and associated proteins"
"human"	"br:ko03037"	"  14"	0.846720110875324	0.624441120847877	1	"Cilium and associated proteins"
"human"	"br:ko03041"	"   7"	0.678728490096353	0.916525355413048	1	"Spliceosome"
"human"	"br:ko03051"	"  13"	0.17314435666257	1.9668144218128	1	"Proteasome"
"human"	"br:ko03110"	"  88"	0.986925891875969	0.585650363589811	1	"Chaperones and folding catalysts"
"human"	"br:ko03200"	"   6"	0.588111842579401	1.1458476607923	1	"Viral proteins"
"human"	"br:ko03400"	" 145"	0.996961297691971	0.59186074557031	1	"DNA repair and recombination proteins"
"human"	"br:ko04054"	"   6"	0.588111842579401	1.1458476607923	1	"Pattern recognition receptors"
"human"	"br:ko04090"	"  11"	0.892191300664615	0.508784149326996	1	"CD molecules"
"human"	"br:ko04091"	"   6"	1	0	1	"Lectins"
"human"	"br:ko04121"	"  31"	0.993741416655225	0.338244651652242	1	"Ubiquitin system"
"human"	"br:ko04131"	"  54"	0.178169502949158	1.35131494310807	1	"Membrane trafficking"
"human"	"br:ko04147"	"  93"	0.906346267952413	0.750178230628518	1	"Exosome"
"human"	"br:ko04812"	"  27"	0.757729033759419	0.801382571218406	1	"Cytoskeleton proteins"
"human"	"md:M00001"	"  24"	0.451643810491129	1.14627513195997	1	"Glycolysis (Embden-Meyerhof pathway), glucose => pyruvate"
"human"	"md:M00002"	"  10"	0.856731038772219	0.572496618283024	1	"Glycolysis, core module involving three-carbon compounds"
"human"	"md:M00003"	"  20"	0.774066176029911	0.763303580682075	1	"Gluconeogenesis, oxaloacetate => fructose-6P"
"human"	"md:M00004"	"  13"	0.805979127969599	0.687005575106825	1	"Pentose phosphate pathway (Pentose phosphate cycle)"
"human"	"md:M00007"	"   6"	0.886255612744717	0.458077164456823	1	"Pentose phosphate pathway, non-oxidative phase, fructose 6P => ribose 5P"
"human"	"md:M00008"	"   5"	0.479647920524927	1.52806711135281	1	"Entner-Doudoroff pathway, glucose-6P => glyceraldehyde-3P + pyruvate"
"human"	"md:M00009"	"  29"	0.997539388793375	0.263337916998699	1	"Citrate cycle (TCA cycle, Krebs cycle)"
"human"	"md:M00010"	"   5"	0.479647920524927	1.52806711135281	1	"Citrate cycle, first carbon oxidation, oxaloacetate => 2-oxoglutarate"
"human"	"md:M00011"	"  24"	0.999834938091606	0.0992085792932377	1	"Citrate cycle, second carbon oxidation, 2-oxoglutarate => oxaloacetate"
"human"	"md:M00012"	"   5"	0.479647920524927	1.52806711135281	1	"Glyoxylate cycle"
"human"	"md:M00014"	"   8"	0.944917267955369	0.327086577677506	1	"Glucuronate pathway (uronate pathway)"
"human"	"md:M00016"	"  13"	0.939950085396071	0.416109002000974	1	"Lysine biosynthesis, succinyl-DAP pathway, aspartate => lysine"
"human"	"md:M00017"	"  12"	0.75645195964308	0.763534004846	1	"Methionine biosynthesis, aspartate => homoserine => methionine"
"human"	"md:M00018"	"  10"	0.360540838827947	1.52858203379714	1	"Threonine biosynthesis, aspartate => homoserine => threonine"
"human"	"md:M00019"	"   5"	1	0	1	"Valine/isoleucine biosynthesis, pyruvate => valine / 2-oxobutanoate => isoleucine"
"human"	"md:M00020"	"   5"	0.479647920524927	1.52806711135281	1	"Serine biosynthesis, glycerate-3P => serine"
"human"	"md:M00022"	"  11"	0.892191300664615	0.508784149326996	1	"Shikimate pathway, phosphoenolpyruvate + erythrose-4P => chorismate"
"human"	"md:M00023"	"  11"	1	0	1	"Tryptophan biosynthesis, chorismate => tryptophan"
"human"	"md:M00024"	"  10"	0.627472638496624	0.982032141368114	1	"Phenylalanine biosynthesis, chorismate => phenylpyruvate => phenylalanine"
"human"	"md:M00025"	"  10"	0.627472638496624	0.982032141368114	1	"Tyrosine biosynthesis, chorismate => HPP => tyrosine"
"human"	"md:M00026"	"  16"	0.996978428839621	0.152374269686484	1	"Histidine biosynthesis, PRPP => histidine"
"human"	"md:M00028"	"  11"	0.218617224286901	1.91167755893315	1	"Ornithine biosynthesis, glutamate => ornithine"
"human"	"md:M00029"	"   5"	0.479647920524927	1.52806711135281	1	"Urea cycle"
"human"	"md:M00034"	"  14"	0.0986612972686437	2.29561151555897	1	"Methionine salvage pathway"
"human"	"md:M00035"	"   6"	0.588111842579401	1.1458476607923	1	"Methionine degradation"
"human"	"md:M00036"	"   8"	0.752326856467971	0.763649049779734	1	"Leucine degradation, leucine => acetoacetate + acetyl-CoA"
"human"	"md:M00038"	"   5"	0.168084958703343	3.44000242211438	1	"Tryptophan metabolism, tryptophan => kynurenine => 2-aminomuconate"
"human"	"md:M00045"	"   6"	1	0	1	"Histidine degradation, histidine => N-formiminoglutamate => glutamate"
"human"	"md:M00046"	"   6"	0.26272007641598	2.29308663477	1	"Pyrimidine degradation, uracil => beta-alanine, thymine => 3-aminoisobutanoate"
"human"	"md:M00048"	"  16"	0.906367201898173	0.528158294298223	1	"De novo purine biosynthesis, PRPP + glutamine => IMP"
"human"	"md:M00049"	"   5"	0.479647920524927	1.52806711135281	1	"Adenine ribonucleotide biosynthesis, IMP => ADP,ATP"
"human"	"md:M00051"	"  13"	0.939950085396071	0.416109002000974	1	"De novo pyrimidine biosynthesis, glutamine (+ PRPP) => UMP"
"human"	"md:M00060"	"  10"	1	0	1	"KDO2-lipid A biosynthesis, Raetz pathway, LpxL-LpxM type"
"human"	"md:M00061"	"   7"	0.920843466519444	0.381656899433267	1	"D-Glucuronate degradation, D-glucuronate => pyruvate + D-glyceraldehyde 3P"
"human"	"md:M00064"	"   6"	0.886255612744717	0.458077164456823	1	"ADP-L-glycero-D-manno-heptose biosynthesis"
"human"	"md:M00078"	"   5"	0.836564984383831	0.572704752383545	1	"Heparan sulfate degradation"
"human"	"md:M00082"	"   8"	0.457933390981495	1.37539074483215	1	"Fatty acid biosynthesis, initiation"
"human"	"md:M00083"	"  10"	0.9733321141477	0.254260493542305	1	"Fatty acid biosynthesis, elongation"
"human"	"md:M00087"	"   7"	0.678728490096353	0.916525355413048	1	"beta-Oxidation"
"human"	"md:M00088"	"   5"	0.168084958703343	3.44000242211438	1	"Ketone body biosynthesis, acetyl-CoA => acetoacetate/3-hydroxybutyrate/acetone"
"human"	"md:M00095"	"   7"	0.130919879921257	3.05874806301542	1	"C5 isoprenoid biosynthesis, mevalonate pathway"
"human"	"md:M00096"	"   9"	1	0	1	"C5 isoprenoid biosynthesis, non-mevalonate pathway"
"human"	"md:M00115"	"   7"	0.678728490096353	0.916525355413048	1	"NAD biosynthesis, aspartate => quinolinate => NAD"
"human"	"md:M00116"	"   9"	1	0	1	"Menaquinone biosynthesis, chorismate (+ polyprenyl-PP) => menaquinol"
"human"	"md:M00117"	"   6"	0.588111842579401	1.1458476607923	1	"Ubiquinone biosynthesis, prokaryotes, chorismate (+ polyprenyl-PP) => ubiquinol"
"human"	"md:M00119"	"   6"	0.886255612744717	0.458077164456823	1	"Pantothenate biosynthesis, valine/L-aspartate => pantothenate"
"human"	"md:M00120"	"  10"	0.360540838827947	1.52858203379714	1	"Coenzyme A biosynthesis, pantothenate => CoA"
"human"	"md:M00121"	"  13"	0.805979127969599	0.687005575106825	1	"Heme biosynthesis, plants and bacteria, glutamate => heme"
"human"	"md:M00122"	"   9"	0.103403656850971	2.86839854113957	1	"Cobalamin biosynthesis, cobyrinate a,c-diamide => cobalamin"
"human"	"md:M00123"	"   5"	1	0	1	"Biotin biosynthesis, pimeloyl-ACP/CoA => biotin"
"human"	"md:M00124"	"   6"	0.886255612744717	0.458077164456823	1	"Pyridoxal-P biosynthesis, erythrose-4P => pyridoxal-P"
"human"	"md:M00125"	"  13"	0.939950085396071	0.416109002000974	1	"Riboflavin biosynthesis, plants and bacteria, GTP => riboflavin/FMN/FAD"
"human"	"md:M00126"	"  16"	1	0	1	"Tetrahydrofolate biosynthesis, GTP => THF"
"human"	"md:M00127"	"  11"	1	0	1	"Thiamine biosynthesis, prokaryotes, AIR (+ DXP/tyrosine) => TMP/TPP"
"human"	"md:M00129"	"   7"	0.361570223787022	1.71951333324236	1	"Ascorbate biosynthesis, animals, glucose-1P => ascorbate"
"human"	"md:M00133"	"   7"	0.920843466519444	0.381656899433267	1	"Polyamine biosynthesis, arginine => agmatine => putrescine => spermidine"
"human"	"md:M00144"	"  16"	0.975813269113746	0.326758084251036	1	"NADH:quinone oxidoreductase, prokaryotes"
"human"	"md:M00145"	"  10"	0.9733321141477	0.254260493542305	1	"NAD(P)H:quinone oxidoreductase, chloroplasts and cyanobacteria"
"human"	"md:M00157"	"   8"	1	0	1	"F-type ATPase, prokaryotes and chloroplasts"
"human"	"md:M00159"	"   9"	2.17855168453293e-05	Inf	0.00372096627718225	"V/A-type ATPase, prokaryotes"
"human"	"md:M00165"	"  14"	0.846720110875324	0.624441120847877	1	"Reductive pentose phosphate cycle (Calvin cycle)"
"human"	"md:M00166"	"   5"	0.168084958703343	3.44000242211438	1	"Reductive pentose phosphate cycle, ribulose-5P => glyceraldehyde-3P"
"human"	"md:M00167"	"   9"	1	0	1	"Reductive pentose phosphate cycle, glyceraldehyde-3P => ribulose-5P"
"human"	"md:M00173"	"  34"	0.748502760763625	0.824197672300194	1	"Reductive citrate cycle (Arnon-Buchanan cycle)"
"human"	"md:M00176"	"  10"	1	0	1	"Assimilatory sulfate reduction, sulfate => H2S"
"human"	"md:M00307"	"  11"	0.0824514293619371	2.75444211423998	0.964568776371154	"Pyruvate oxidation, pyruvate => acetyl-CoA"
"human"	"md:M00308"	"   5"	0.479647920524927	1.52806711135281	1	"Semi-phosphorylative Entner-Doudoroff pathway, gluconate => glycerate-3P"
"human"	"md:M00345"	"   6"	0.26272007641598	2.29308663477	1	"Formaldehyde assimilation, ribulose monophosphate pathway"
"human"	"md:M00346"	"   9"	0.8108793587171	0.654402500641551	1	"Formaldehyde assimilation, serine pathway"
"human"	"md:M00356"	"  14"	0.00901114883948681	4.13768214284756	0.307820844356869	"Methanogenesis, methanol => methane"
"human"	"md:M00357"	"  17"	0.0433226707383092	2.58446036920215	0.698067185104076	"Methanogenesis, acetate => methane"
"human"	"md:M00373"	"  11"	0.218617224286901	1.91167755893315	1	"Ethylmalonyl pathway"
"human"	"md:M00374"	"  17"	0.235351186308911	1.60598174206689	1	"Dicarboxylate-hydroxybutyrate cycle"
"human"	"md:M00375"	"   7"	0.361570223787022	1.71951333324236	1	"Hydroxypropionate-hydroxybutylate cycle"
"human"	"md:M00376"	"  17"	0.235351186308911	1.60598174206689	1	"3-Hydroxypropionate bi-cycle"
"human"	"md:M00377"	"  11"	0.0824514293619371	2.75444211423998	0.964568776371154	"Reductive acetyl-CoA pathway (Wood-Ljungdahl pathway)"
"human"	"md:M00525"	"   9"	0.547393098596021	1.14591873237429	1	"Lysine biosynthesis, acetyl-DAP pathway, aspartate => lysine"
"human"	"md:M00526"	"   9"	0.961672006610152	0.286157135484837	1	"Lysine biosynthesis, DAP dehydrogenase pathway, aspartate => lysine"
"human"	"md:M00527"	"  10"	0.9733321141477	0.254260493542305	1	"Lysine biosynthesis, DAP aminotransferase pathway, aspartate => lysine"
"human"	"md:M00529"	"   6"	1	0	1	"Denitrification, nitrate => nitrogen"
"human"	"md:M00530"	"   8"	0.752326856467971	0.763649049779734	1	"Dissimilatory nitrate reduction, nitrate => ammonia"
"human"	"md:M00532"	"   9"	0.8108793587171	0.654402500641551	1	"Photorespiration"
"human"	"md:M00542"	"  10"	0.9733321141477	0.254260493542305	1	"EHEC/EPEC pathogenicity signature, T3SS and effectors"
"human"	"md:M00545"	"   5"	1	0	1	"Trans-cinnamate degradation, trans-cinnamate => acetyl-CoA"
"human"	"md:M00546"	"   8"	0.457933390981495	1.37539074483215	1	"Purine degradation, xanthine => urea"
"human"	"md:M00549"	"   6"	0.588111842579401	1.1458476607923	1	"Nucleotide sugar biosynthesis, glucose => UDP-glucose"
"human"	"md:M00550"	"   7"	0.00405357855742335	13.783661757017	0.188137391031046	"Ascorbate degradation, ascorbate => D-xylulose-5P"
"human"	"md:M00552"	"   5"	0.479647920524927	1.52806711135281	1	"D-galactonate degradation, De Ley-Doudoroff pathway, D-galactonate => glycerate-3P"
"human"	"md:M00563"	"  16"	0.0277131255658497	2.95421996250445	0.563500219838944	"Methanogenesis, methylamine/dimethylamine/trimethylamine => methane"
"human"	"md:M00564"	"   5"	0.479647920524927	1.52806711135281	1	"Helicobacter pylori pathogenicity signature, cagA pathogenicity island"
"human"	"md:M00565"	"   7"	0.361570223787022	1.71951333324236	1	"Trehalose biosynthesis, D-glucose 1P => trehalose"
"human"	"md:M00567"	"  16"	0.0791704830762338	2.29624427799925	0.962591236953838	"Methanogenesis, CO2 => methane"
"human"	"md:M00569"	"   8"	0.944917267955369	0.327086577677506	1	"Catechol meta-cleavage, catechol => acetyl-CoA / 4-methylcatechol => propanoyl-CoA"
"human"	"md:M00570"	"   6"	1	0	1	"Isoleucine biosynthesis, threonine => 2-oxobutanoate => isoleucine"
"human"	"md:M00572"	"  10"	0.856731038772219	0.572496618283024	1	"Pimeloyl-ACP biosynthesis, BioC-BioH pathway, malonyl-ACP => pimeloyl-ACP"
"human"	"md:M00577"	"   6"	1	0	1	"Biotin biosynthesis, BioW pathway, pimelate => pimeloyl-CoA => biotin"
"human"	"md:M00596"	"   5"	0.836564984383831	0.572704752383545	1	"Dissimilatory sulfate reduction, sulfate => H2S"
"human"	"md:M00609"	"   5"	1	0	1	"Cysteine biosynthesis, methionine => cysteine"
"human"	"md:M00620"	"  16"	0.764684999746698	0.763418848532896	1	"Incomplete reductive citrate cycle, acetyl-CoA => oxoglutarate"
"human"	"md:M00631"	"   8"	1	0	1	"D-Galacturonate degradation (bacteria), D-galacturonate => pyruvate + D-glyceraldehyde 3P"
"human"	"md:M00651"	"  11"	0.218617224286901	1.91167755893315	1	"Vancomycin resistance, D-Ala-D-Lac type"
"human"	"md:M00652"	"   5"	0.836564984383831	0.572704752383545	1	"Vancomycin resistance, D-Ala-D-Ser type"
"human"	"md:M00660"	"  10"	1	0	1	"Xanthomonas spp. pathogenicity signature, T3SS and effectors"
"human"	"md:M00740"	"   8"	0.457933390981495	1.37539074483215	1	"Methylaspartate cycle"
"human"	"md:M00741"	"   7"	0.678728490096353	0.916525355413048	1	"Propanoyl-CoA metabolism, propanoyl-CoA => succinyl-CoA"
"human"	"md:M00778"	"   5"	1	0	1	"Type II polyketide backbone biosynthesis, acyl-CoA + malonyl-CoA => polyketide"
"human"	"md:M00787"	"   5"	0.836564984383831	0.572704752383545	1	"Bacilysin biosynthesis, prephenate => bacilysin"
"human"	"md:M00814"	"   6"	0.886255612744717	0.458077164456823	1	"Acarbose biosynthesis, sedoheptulopyranose-7P => acarbose"
"human"	"md:M00840"	"   5"	1	0	1	"Tetrahydrofolate biosynthesis, mediated by ribA and trpF, GTP => THF"
"human"	"md:M00845"	"   7"	0.678728490096353	0.916525355413048	1	"Arginine biosynthesis, glutamate => acetylcitrulline => arginine"
"human"	"md:M00846"	"  12"	0.987092288825744	0.207951034693753	1	"Siroheme biosynthesis, glutamyl-tRNA => siroheme"
"human"	"md:M00849"	"   9"	0.0268517410025284	4.59231746484494	0.559302117467299	"C5 isoprenoid biosynthesis, mevalonate pathway, archaea"
"human"	"md:M00852"	"   6"	1	0	1	"Vibrio cholerae pathogenicity signature, toxin coregulated pilus"
"human"	"md:M00854"	"   8"	0.752326856467971	0.763649049779734	1	"Glycogen biosynthesis, glucose-1P => glycogen/starch"
"human"	"md:M00855"	"   8"	0.944917267955369	0.327086577677506	1	"Glycogen degradation, glycogen => glucose-6P"
"human"	"md:M00866"	"  11"	1	0	1	"KDO2-lipid A biosynthesis, Raetz pathway, non-LpxL-LpxM type"
"human"	"md:M00868"	"   7"	0.678728490096353	0.916525355413048	1	"Heme biosynthesis, animals and fungi, glycine => heme"
"human"	"md:M00878"	"   5"	0.479647920524927	1.52806711135281	1	"Phenylacetate degradation, phenylaxetate => acetyl-CoA/succinyl-CoA"
"human"	"md:M00880"	"   8"	0.200964945129567	2.2937169314279	1	"Molybdenum cofactor biosynthesis, GTP => molybdenum cofactor"
"human"	"md:M00892"	"   5"	0.479647920524927	1.52806711135281	1	"UDP-N-acetyl-D-glucosamine biosynthesis, eukaryotes, glucose => UDP-GlcNAc"
"human"	"md:M00895"	"  10"	1	0	1	"Thiamine biosynthesis, prokaryotes, AIR (+ DXP/glycine) => TMP/TPP"
"human"	"md:M00896"	"   6"	0.886255612744717	0.458077164456823	1	"Thiamine biosynthesis, archaea, AIR (+ NAD+) => TMP/TPP"
"human"	"md:M00899"	"   5"	1	0	1	"Thiamine salvage pathway, HMP/HET => TMP"
"human"	"md:M00909"	"   7"	0.130919879921257	3.05874806301542	1	"UDP-N-acetyl-D-glucosamine biosynthesis, prokaryotes, glucose => UDP-GlcNAc"
"human"	"md:M00911"	"   5"	0.836564984383831	0.572704752383545	1	"Riboflavin biosynthesis, fungi, GTP => riboflavin/FMN/FAD"
"human"	"md:M00912"	"   7"	0.678728490096353	0.916525355413048	1	"NAD biosynthesis, tryptophan => quinolinate => NAD"
"human"	"md:M00914"	"   7"	0.678728490096353	0.916525355413048	1	"Coenzyme A biosynthesis, archaea, 2-oxoisovalerate => 4-phosphopantoate => CoA"
"human"	"md:M00924"	"  20"	0.0187423081953818	2.80991061145379	0.487277704020971	"Cobalamin biosynthesis, anaerobic, uroporphyrinogen III => sirohydrochlorin => cobyrinate a,c-diamide"
"human"	"md:M00925"	"  14"	0.0986612972686437	2.29561151555897	1	"Cobalamin biosynthesis, aerobic, uroporphyrinogen III => precorrin 2 => cobyrinate a,c-diamide"
"human"	"md:M00926"	"   9"	0.8108793587171	0.654402500641551	1	"Heme biosynthesis, bacteria, glutamyl-tRNA => coproporphyrin III => heme"
"human"	"md:M00930"	"   7"	0.678728490096353	0.916525355413048	1	"Menaquinone biosynthesis, futalosine pathway"
"human"	"md:M00931"	"   5"	0.836564984383831	0.572704752383545	1	"Menaquinone biosynthesis, modified futalosine pathway"
"human"	"md:M00932"	"   8"	1	0	1	"Phylloquinone biosynthesis, chorismate (+ phytyl-PP) => phylloquinol"
"human"	"md:M00938"	"   8"	0.752326856467971	0.763649049779734	1	"Pyrimidine deoxyribonucleotide biosynthesis, UDP => dTTP"
"human"	"md:M00956"	"   5"	0.168084958703343	3.44000242211438	1	"Lysine degradation, bacteria, L-lysine => succinate"
"human"	"md:M00957"	"   6"	0.26272007641598	2.29308663477	1	"Lysine degradation, bacteria, L-lysine => glutarate => succinate/acetyl-CoA"
"human"	"md:M00958"	"  17"	0.927495354831423	0.490332083172615	1	"Adenine ribonucleotide degradation, AMP => Urate"
"human"	"md:M00959"	"  17"	0.927495354831423	0.490332083172615	1	"Guanine ribonucleotide degradation, GMP => Urate"
"human"	"path:map00010"	"  75"	0.422404046681453	1.07925638381939	1	"Glycolysis / Gluconeogenesis"
"human"	"path:map00020"	"  45"	0.916074751972765	0.653053938643979	1	"Citrate cycle (TCA cycle)"
"human"	"path:map00030"	"  57"	0.79051150473273	0.817087592990203	1	"Pentose phosphate pathway"
"human"	"path:map00040"	"  57"	0.114519603291441	1.44504862051776	1	"Pentose and glucuronate interconversions"
"human"	"path:map00051"	"  86"	0.211536931612706	1.23087622898724	1	"Fructose and mannose metabolism"
"human"	"path:map00052"	"  53"	0.0955655782763096	1.50888934732648	1	"Galactose metabolism"
"human"	"path:map00053"	"  29"	0.0129992807842946	2.46550597778238	0.396478063920986	"Ascorbate and aldarate metabolism"
"human"	"path:map00061"	"  21"	0.920299232602585	0.538316883222825	1	"Fatty acid biosynthesis"
"human"	"path:map00071"	"  22"	0.343134751037187	1.31061076762851	1	"Fatty acid degradation"
"human"	"path:map00130"	"  32"	0.983263838570097	0.422988870257866	1	"Ubiquinone and other terpenoid-quinone biosynthesis"
"human"	"path:map00190"	"  77"	0.676874731020894	0.915704294802657	1	"Oxidative phosphorylation"
"human"	"path:map00195"	"  13"	0.991020805778217	0.190583939868114	1	"Photosynthesis"
"human"	"path:map00196"	"   9"	0.961672006610152	0.286157135484837	1	"Photosynthesis - antenna proteins"
"human"	"path:map00220"	"  42"	0.000833657862865484	2.79350316742208	0.0647221649897385	"Arginine biosynthesis"
"human"	"path:map00230"	" 123"	0.942690435274704	0.735329244779672	1	"Purine metabolism"
"human"	"path:map00240"	"  84"	0.997054463376696	0.49450264998485	1	"Pyrimidine metabolism"
"human"	"path:map00250"	"  48"	0.502232398669135	1.04188486275778	1	"Alanine, aspartate and glutamate metabolism"
"human"	"path:map00253"	"   5"	0.479647920524927	1.52806711135281	1	"Tetracycline biosynthesis"
"human"	"path:map00260"	"  69"	0.541792307130288	1.0025500234101	1	"Glycine, serine and threonine metabolism"
"human"	"path:map00261"	"  16"	0.975813269113746	0.326758084251036	1	"Monobactam biosynthesis"
"human"	"path:map00270"	"  68"	0.308413674247556	1.17309317724227	1	"Cysteine and methionine metabolism"
"human"	"path:map00280"	"  38"	0.148181449843937	1.49798586983374	1	"Valine, leucine and isoleucine degradation"
"human"	"path:map00281"	"   5"	0.479647920524927	1.52806711135281	1	"Geraniol degradation"
"human"	"path:map00290"	"  14"	1	0	1	"Valine, leucine and isoleucine biosynthesis"
"human"	"path:map00300"	"  38"	0.497075304862363	1.05793646689692	1	"Lysine biosynthesis"
"human"	"path:map00310"	"  24"	0.0800280770769585	1.94387399614928	0.962591236953838	"Lysine degradation"
"human"	"path:map00311"	"   6"	0.886255612744717	0.458077164456823	1	"Penicillin and cephalosporin biosynthesis"
"human"	"path:map00330"	"  56"	0.0318215029894235	1.72695263418598	0.572784848618077	"Arginine and proline metabolism"
"human"	"path:map00332"	"   5"	1	0	1	"Carbapenem biosynthesis"
"human"	"path:map00333"	"   6"	0.886255612744717	0.458077164456823	1	"Prodigiosin biosynthesis"
"human"	"path:map00340"	"  27"	0.981873680303766	0.397389715311056	1	"Histidine metabolism"
"human"	"path:map00350"	"  30"	0.0188292321225902	2.30069098991135	0.487277704020971	"Tyrosine metabolism"
"human"	"path:map00360"	"  38"	0.0429934242573674	1.86205579360881	0.698067185104076	"Phenylalanine metabolism"
"human"	"path:map00361"	"   8"	0.752326856467971	0.763649049779734	1	"Chlorocyclohexane and chlorobenzene degradation"
"human"	"path:map00362"	"  47"	0.152726705912289	1.42596206328456	1	"Benzoate degradation"
"human"	"path:map00364"	"   6"	0.26272007641598	2.29308663477	1	"Fluorobenzoate degradation"
"human"	"path:map00365"	"   5"	0.168084958703343	3.44000242211438	1	"Furfural degradation"
"human"	"path:map00380"	"  22"	0.343134751037187	1.31061076762851	1	"Tryptophan metabolism"
"human"	"path:map00400"	"  47"	0.887702193170961	0.698577204264936	1	"Phenylalanine, tyrosine and tryptophan biosynthesis"
"human"	"path:map00401"	"   8"	0.200964945129567	2.2937169314279	1	"Novobiocin biosynthesis"
"human"	"path:map00405"	"   6"	0.588111842579401	1.1458476607923	1	"Phenazine biosynthesis"
"human"	"path:map00410"	"  19"	0.191781919719705	1.66900140215134	1	"beta-Alanine metabolism"
"human"	"path:map00430"	"  14"	0.0986612972686437	2.29561151555897	1	"Taurine and hypotaurine metabolism"
"human"	"path:map00440"	"  16"	0.0791704830762338	2.29624427799925	0.962591236953838	"Phosphonate and phosphinate metabolism"
"human"	"path:map00450"	"  24"	0.783624228227729	0.763188201134904	1	"Selenocompound metabolism"
"human"	"path:map00460"	"  10"	0.9733321141477	0.254260493542305	1	"Cyanoamino acid metabolism"
"human"	"path:map00470"	"  29"	0.242924635152039	1.4024460587291	1	"D-Amino acid metabolism"
"human"	"path:map00480"	"  19"	0.191781919719705	1.66900140215134	1	"Glutathione metabolism"
"human"	"path:map00500"	"  75"	0.947080217827579	0.668931683082843	1	"Starch and sucrose metabolism"
"human"	"path:map00511"	"  15"	0.879801788994772	0.572288281333733	1	"Other glycan degradation"
"human"	"path:map00520"	" 120"	0.999126861254453	0.50920392307207	1	"Amino sugar and nucleotide sugar metabolism"
"human"	"path:map00521"	"  12"	0.75645195964308	0.763534004846	1	"Streptomycin biosynthesis"
"human"	"path:map00523"	"  17"	0.807769154876341	0.704507900810616	1	"Polyketide sugar unit biosynthesis"
"human"	"path:map00525"	"  11"	0.892191300664615	0.508784149326996	1	"Acarbose and validamycin biosynthesis"
"human"	"path:map00531"	"   9"	0.547393098596021	1.14591873237429	1	"Glycosaminoglycan degradation"
"human"	"path:map00540"	"  52"	0.989703427252616	0.4773679806067	1	"Lipopolysaccharide biosynthesis"
"human"	"path:map00541"	"  52"	0.975880629667949	0.543412217252407	1	"O-Antigen nucleotide sugar biosynthesis"
"human"	"path:map00542"	"   6"	0.26272007641598	2.29308663477	1	"O-Antigen repeat unit biosynthesis"
"human"	"path:map00543"	"  38"	0.0429934242573674	1.86205579360881	0.698067185104076	"Exopolysaccharide biosynthesis"
"human"	"path:map00550"	"  49"	0.999246979993665	0.317807689355307	1	"Peptidoglycan biosynthesis"
"human"	"path:map00552"	"  18"	0.680323835760082	0.881070387496328	1	"Teichoic acid biosynthesis"
"human"	"path:map00561"	"  34"	0.0297348811214381	2.044835121074	0.572784848618077	"Glycerolipid metabolism"
"human"	"path:map00562"	"  27"	0.287016582161948	1.34959740582084	1	"Inositol phosphate metabolism"
"human"	"path:map00564"	"  45"	0.386470056857	1.14677702666015	1	"Glycerophospholipid metabolism"
"human"	"path:map00565"	"   7"	0.678728490096353	0.916525355413048	1	"Ether lipid metabolism"
"human"	"path:map00571"	"   8"	0.752326856467971	0.763649049779734	1	"Lipoarabinomannan (LAM) biosynthesis"
"human"	"path:map00572"	"   5"	0.479647920524927	1.52806711135281	1	"Arabinogalactan biosynthesis - Mycobacterium"
"human"	"path:map00600"	"  18"	0.148770365878334	1.83616370302093	1	"Sphingolipid metabolism"
"human"	"path:map00620"	"  88"	0.256761510519538	1.18794047504748	1	"Pyruvate metabolism"
"human"	"path:map00621"	"   8"	1	0	1	"Dioxin degradation"
"human"	"path:map00622"	"  12"	0.51928356209652	1.14598987326588	1	"Xylene degradation"
"human"	"path:map00623"	"  12"	0.51928356209652	1.14598987326588	1	"Toluene degradation"
"human"	"path:map00624"	"   8"	0.752326856467971	0.763649049779734	1	"Polycyclic aromatic hydrocarbon degradation"
"human"	"path:map00625"	"  16"	0.00780042443181575	3.83184083098367	0.277565102698777	"Chloroalkane and chloroalkene degradation"
"human"	"path:map00626"	"   6"	0.0734498409907066	4.5888150669945	0.936211406060648	"Naphthalene degradation"
"human"	"path:map00627"	"  24"	0.0800280770769585	1.94387399614928	0.962591236953838	"Aminobenzoate degradation"
"human"	"path:map00630"	"  69"	0.0259635642486522	1.67065440526951	0.559302117467299	"Glyoxylate and dicarboxylate metabolism"
"human"	"path:map00633"	"  15"	0.0165122311779556	3.44718048210971	0.486256738826693	"Nitrotoluene degradation"
"human"	"path:map00640"	"  62"	0.0605777124121182	1.5549432492382	0.904253371689998	"Propanoate metabolism"
"human"	"path:map00643"	"  10"	0.011363813295713	5.35975411758975	0.373257559789959	"Styrene degradation"
"human"	"path:map00650"	"  71"	0.0643274244226386	1.49883114928494	0.904253371689998	"Butanoate metabolism"
"human"	"path:map00660"	"  17"	0.416775631409211	1.25054486873077	1	"C5-Branched dibasic acid metabolism"
"human"	"path:map00670"	"  22"	0.999658443386026	0.108702792596569	1	"One carbon pool by folate"
"human"	"path:map00680"	" 120"	0.00533867493389448	1.65252094438604	0.207237654252086	"Methane metabolism"
"human"	"path:map00710"	"  26"	0.847893552269047	0.686548299869392	1	"Carbon fixation in photosynthetic organisms"
"human"	"path:map00720"	"  72"	0.117813348307074	1.37983235352288	1	"Carbon fixation pathways in prokaryotes"
"human"	"path:map00730"	"  26"	0.999010577292402	0.190189399880551	1	"Thiamine metabolism"
"human"	"path:map00740"	"  30"	0.972926488033585	0.457019745794393	1	"Riboflavin metabolism"
"human"	"path:map00750"	"  15"	0.71439339839753	0.832972684828566	1	"Vitamin B6 metabolism"
"human"	"path:map00760"	"  49"	0.992403421089422	0.445002306289122	1	"Nicotinate and nicotinamide metabolism"
"human"	"path:map00770"	"  34"	0.612951929343576	0.954575513619716	1	"Pantothenate and CoA biosynthesis"
"human"	"path:map00780"	"  19"	0.957201481398725	0.428863432886519	1	"Biotin metabolism"
"human"	"path:map00790"	"  56"	0.989014109661682	0.495738593824621	1	"Folate biosynthesis"
"human"	"path:map00791"	"   9"	0.00462034455978768	8.04141600205493	0.197288712702934	"Atrazine degradation"
"human"	"path:map00830"	"   8"	0.200964945129567	2.2937169314279	1	"Retinol metabolism"
"human"	"path:map00860"	"  86"	0.151235007938717	1.2960184635002	1	"Porphyrin metabolism"
"human"	"path:map00900"	"  32"	0.802004384153874	0.762957106315566	1	"Terpenoid backbone biosynthesis"
"human"	"path:map00906"	"  16"	0.352743474314988	1.37594025245922	1	"Carotenoid biosynthesis"
"human"	"path:map00910"	"  34"	0.464959933033319	1.09642390159881	1	"Nitrogen metabolism"
"human"	"path:map00920"	"  70"	0.276247981002733	1.19780861423688	1	"Sulfur metabolism"
"human"	"path:map00930"	"   9"	0.547393098596021	1.14591873237429	1	"Caprolactam degradation"
"human"	"path:map00950"	"   8"	0.00139450139633072	16.08712790738	0.0850645851761738	"Isoquinoline alkaloid biosynthesis"
"human"	"path:map00960"	"   9"	0.0268517410025284	4.59231746484494	0.559302117467299	"Tropane, piperidine and pyridine alkaloid biosynthesis"
"human"	"path:map00970"	"  37"	0.728612718060904	0.847985318109821	1	"Aminoacyl-tRNA biosynthesis"
"human"	"path:map00980"	"   7"	0.361570223787022	1.71951333324236	1	"Metabolism of xenobiotics by cytochrome P450"
"human"	"path:map00982"	"   6"	0.26272007641598	2.29308663477	1	"Drug metabolism - cytochrome P450"
"human"	"path:map00983"	"  20"	0.99310136153048	0.25389677277484	1	"Drug metabolism - other enzymes"
"human"	"path:map00997"	"   6"	0.588111842579401	1.1458476607923	1	"Biosynthesis of various other secondary metabolites; Including: Ditryptophenaline biosynthesis, Fumiquinazoline D biosynthesis, Paerucumarin biosynthesis, Staphyloferrin B biosynthesis, Cyclooctatin biosynthesis, Lovastatin biosynthesis, Grixazone biosynthesis, Staphyloferrin A biosynthesis, Ethynylserine biosynthesis, Aerobactin biosynthesis"
"human"	"path:map00998"	"  13"	0.939950085396071	0.416109002000974	1	"Biosynthesis of various antibiotics; Including: Kanosamine biosynthesis, Aurachin biosynthesis, Bacilysin biosynthesis, Puromycin biosynthesis, Dapdiamides biosynthesis, Fosfomycin biosynthesis, Cremeomycin biosynthesis, Pentalenolactone biosynthesis, Terpentecin biosynthesis, Roseoflavin biosynthesis, Cycloserine biosynthesis"
"human"	"path:map00999"	"   5"	0.836564984383831	0.572704752383545	1	"Biosynthesis of various plant secondary metabolites; Including: Crocin biosynthesis, Cannabidiol biosynthesis, Mugineic acid biosynthesis, Pentagalloylglucose biosynthesis, Benzoxazinoid biosynthesis, Gramine biosynthesis, Coumarin biosynthesis, Furanocoumarin biosynthesis, Hordatine biosynthesis, Podophyllotoxin biosynthesis"
"human"	"path:map01051"	"   9"	0.103403656850971	2.86839854113957	1	"Biosynthesis of ansamycins"
"human"	"path:map01052"	"   8"	0.752326856467971	0.763649049779734	1	"Type I polyketide structures"
"human"	"path:map01053"	"  20"	0.0187423081953818	2.80991061145379	0.487277704020971	"Biosynthesis of siderophore group nonribosomal peptides"
"human"	"path:map01054"	"  19"	0.540832988113059	1.05776681666161	1	"Nonribosomal peptide structures"
"human"	"path:map01055"	"   7"	1	0	1	"Biosynthesis of vancomycin group antibiotics"
"human"	"path:map01059"	"   9"	0.547393098596021	1.14591873237429	1	"Biosynthesis of enediyne antibiotics"
"human"	"path:map01100"	"2025"	0.671716106861973	0.976170183536977	1	"Metabolic pathways"
"human"	"path:map01110"	" 687"	0.996264403985773	0.789063482429886	1	"Biosynthesis of secondary metabolites"
"human"	"path:map01120"	" 610"	4.16950007791776e-06	1.49220543335145	0.00138398723248716	"Microbial metabolism in diverse environments"
"human"	"path:map01200"	" 225"	0.0197673036014565	1.3536374355041	0.496508155165996	"Carbon metabolism"
"human"	"path:map01210"	"  47"	0.152726705912289	1.42596206328456	1	"2-Oxocarboxylic acid metabolism"
"human"	"path:map01212"	"  30"	0.851620548186256	0.696388798035706	1	"Fatty acid metabolism"
"human"	"path:map01220"	"  57"	0.260426615643804	1.24090368863143	1	"Degradation of aromatic compounds"
"human"	"path:map01230"	" 190"	0.976617583331866	0.725877688400219	1	"Biosynthesis of amino acids"
"human"	"path:map01232"	"  91"	0.999718574986129	0.412676009580899	1	"Nucleotide metabolism"
"human"	"path:map01240"	" 271"	0.996857797529613	0.684414982833284	1	"Biosynthesis of cofactors"
"human"	"path:map01250"	" 114"	0.998784429468187	0.512493401374792	1	"Biosynthesis of nucleotide sugars"
"human"	"path:map01501"	"  50"	0.337140319401213	1.1819151393928	1	"beta-Lactam resistance"
"human"	"path:map01502"	"  21"	0.651776672602673	0.916362424523311	1	"Vancomycin resistance"
"human"	"path:map01503"	"  38"	0.761572504675569	0.81753447267203	1	"Cationic antimicrobial peptide (CAMP) resistance"
"human"	"path:map01523"	"   8"	1	0	1	"Antifolate resistance"
"human"	"path:map01524"	"   5"	0.836564984383831	0.572704752383545	1	"Platinum drug resistance"
"human"	"path:map02010"	" 377"	1.55469289680376e-05	1.5916800969698	0.00331926933467602	"ABC transporters"
"human"	"path:map02020"	" 352"	0.946522667575953	0.82700471948663	1	"Two-component system"
"human"	"path:map02024"	" 150"	0.2386336187403	1.14933907178061	1	"Quorum sensing"
"human"	"path:map02025"	"  64"	0.595196132829428	0.967187056233974	1	"Biofilm formation - Pseudomonas aeruginosa"
"human"	"path:map02026"	"  37"	0.913887435628507	0.630734774206335	1	"Biofilm formation - Escherichia coli"
"human"	"path:map02030"	"  25"	0.67478654330167	0.890778419742773	1	"Bacterial chemotaxis"
"human"	"path:map02040"	"  46"	0.0203704255768829	1.93427217602127	0.497038384075943	"Flagellar assembly"
"human"	"path:map02060"	"  67"	0.0529604849586615	1.55392197641905	0.837560262124018	"Phosphotransferase system (PTS)"
"human"	"path:map03008"	"  16"	0.764684999746698	0.763418848532896	1	"Ribosome biogenesis in eukaryotes"
"human"	"path:map03010"	"  86"	0.368069999006614	1.10767833047516	1	"Ribosome"
"human"	"path:map03018"	"  28"	0.996685086892122	0.273927389495355	1	"RNA degradation"
"human"	"path:map03020"	"  24"	0.0040707376840906	3.22259121831361	0.188137391031046	"RNA polymerase"
"human"	"path:map03022"	"   6"	0.26272007641598	2.29308663477	1	"Basal transcription factors"
"human"	"path:map03030"	"  34"	0.324047986831723	1.25128061731482	1	"DNA replication"
"human"	"path:map03050"	"   6"	0.588111842579401	1.1458476607923	1	"Proteasome"
"human"	"path:map03060"	"  22"	0.981214323582239	0.360928334497113	1	"Protein export"
"human"	"path:map03070"	"  63"	0.993653077650474	0.482008190731307	1	"Bacterial secretion system"
"human"	"path:map03320"	"   8"	0.457933390981495	1.37539074483215	1	"PPAR signaling pathway"
"human"	"path:map03410"	"  23"	0.576029339824007	1.00253259165133	1	"Base excision repair"
"human"	"path:map03420"	"  16"	0.563518594350023	1.04168055398849	1	"Nucleotide excision repair"
"human"	"path:map03430"	"  28"	0.895655202009598	0.623891248878491	1	"Mismatch repair"
"human"	"path:map03440"	"  29"	0.965765218777225	0.476161931002704	1	"Homologous recombination"
"human"	"path:map04010"	"   6"	0.0734498409907066	4.5888150669945	0.936211406060648	"MAPK signaling pathway"
"human"	"path:map04013"	"   7"	0.130919879921257	3.05874806301542	1	"MAPK signaling pathway - fly"
"human"	"path:map04014"	"   5"	0.479647920524927	1.52806711135281	1	"Ras signaling pathway"
"human"	"path:map04066"	"  11"	0.892191300664615	0.508784149326996	1	"HIF-1 signaling pathway"
"human"	"path:map04068"	"   6"	0.26272007641598	2.29308663477	1	"FoxO signaling pathway"
"human"	"path:map04070"	"   7"	1	0	1	"Phosphatidylinositol signaling system"
"human"	"path:map04071"	"   7"	0.678728490096353	0.916525355413048	1	"Sphingolipid signaling pathway"
"human"	"path:map04112"	"  21"	0.975185361803234	0.381053713915494	1	"Cell cycle - Caulobacter"
"human"	"path:map04120"	"  12"	0.919339168868921	0.457813196036694	1	"Ubiquitin mediated proteolysis"
"human"	"path:map04122"	"  20"	0.967344486203141	0.403552651705613	1	"Sulfur relay system"
"human"	"path:map04138"	"   5"	0.479647920524927	1.52806711135281	1	"Autophagy - yeast"
"human"	"path:map04141"	"  16"	0.563518594350023	1.04168055398849	1	"Protein processing in endoplasmic reticulum"
"human"	"path:map04142"	"  21"	0.651776672602673	0.916362424523311	1	"Lysosome"
"human"	"path:map04144"	"   6"	0.26272007641598	2.29308663477	1	"Endocytosis"
"human"	"path:map04145"	"   5"	0.836564984383831	0.572704752383545	1	"Phagosome"
"human"	"path:map04146"	"  13"	0.805979127969599	0.687005575106825	1	"Peroxisome"
"human"	"path:map04150"	"   5"	0.479647920524927	1.52806711135281	1	"mTOR signaling pathway"
"human"	"path:map04151"	"  13"	0.805979127969599	0.687005575106825	1	"PI3K-Akt signaling pathway"
"human"	"path:map04152"	"   8"	0.752326856467971	0.763649049779734	1	"AMPK signaling pathway"
"human"	"path:map04210"	"   7"	0.361570223787022	1.71951333324236	1	"Apoptosis"
"human"	"path:map04212"	"   9"	0.8108793587171	0.654402500641551	1	"Longevity regulating pathway - worm"
"human"	"path:map04213"	"   6"	0.588111842579401	1.1458476607923	1	"Longevity regulating pathway - multiple species"
"human"	"path:map04214"	"   6"	0.886255612744717	0.458077164456823	1	"Apoptosis - fly"
"human"	"path:map04217"	"   8"	0.752326856467971	0.763649049779734	1	"Necroptosis"
"human"	"path:map04270"	"   5"	0.836564984383831	0.572704752383545	1	"Vascular smooth muscle contraction"
"human"	"path:map04310"	"   5"	1	0	1	"Wnt signaling pathway"
"human"	"path:map04510"	"   9"	0.547393098596021	1.14591873237429	1	"Focal adhesion"
"human"	"path:map04512"	"   7"	0.361570223787022	1.71951333324236	1	"ECM-receptor interaction"
"human"	"path:map04614"	"   5"	0.479647920524927	1.52806711135281	1	"Renin-angiotensin system"
"human"	"path:map04621"	"   8"	0.457933390981495	1.37539074483215	1	"NOD-like receptor signaling pathway"
"human"	"path:map04624"	"   8"	0.200964945129567	2.2937169314279	1	"Toll and Imd signaling pathway"
"human"	"path:map04626"	"   8"	0.752326856467971	0.763649049779734	1	"Plant-pathogen interaction"
"human"	"path:map04714"	"  13"	0.805979127969599	0.687005575106825	1	"Thermogenesis"
"human"	"path:map04723"	"   6"	0.588111842579401	1.1458476607923	1	"Retrograde endocannabinoid signaling"
"human"	"path:map04810"	"   6"	0.588111842579401	1.1458476607923	1	"Regulation of actin cytoskeleton"
"human"	"path:map04910"	"   9"	0.547393098596021	1.14591873237429	1	"Insulin signaling pathway"
"human"	"path:map04918"	"   5"	0.479647920524927	1.52806711135281	1	"Thyroid hormone synthesis"
"human"	"path:map04919"	"   5"	0.479647920524927	1.52806711135281	1	"Thyroid hormone signaling pathway"
"human"	"path:map04922"	"  11"	0.981446195496009	0.228790781486943	1	"Glucagon signaling pathway"
"human"	"path:map04931"	"   7"	0.678728490096353	0.916525355413048	1	"Insulin resistance"
"human"	"path:map04932"	"   8"	0.457933390981495	1.37539074483215	1	"Non-alcoholic fatty liver disease"
"human"	"path:map04936"	"   8"	0.752326856467971	0.763649049779734	1	"Alcoholic liver disease"
"human"	"path:map04964"	"   5"	0.479647920524927	1.52806711135281	1	"Proximal tubule bicarbonate reclamation"
"human"	"path:map04974"	"  15"	0.879801788994772	0.572288281333733	1	"Protein digestion and absorption"
"human"	"path:map04976"	"  12"	0.987092288825744	0.207951034693753	1	"Bile secretion"
"human"	"path:map05010"	"  16"	0.184162252892343	1.78469604771046	1	"Alzheimer disease"
"human"	"path:map05012"	"  24"	0.451643810491129	1.14627513195997	1	"Parkinson disease"
"human"	"path:map05014"	"  19"	0.730141995634018	0.817979181599734	1	"Amyotrophic lateral sclerosis"
"human"	"path:map05016"	"  19"	0.348003327556149	1.33781944384702	1	"Huntington disease"
"human"	"path:map05017"	"   8"	0.752326856467971	0.763649049779734	1	"Spinocerebellar ataxia"
"human"	"path:map05020"	"  16"	0.563518594350023	1.04168055398849	1	"Prion disease"
"human"	"path:map05022"	"  28"	0.49026130480444	1.08579908538426	1	"Pathways of neurodegeneration - multiple diseases"
"human"	"path:map05100"	"   7"	0.678728490096353	0.916525355413048	1	"Bacterial invasion of epithelial cells"
"human"	"path:map05110"	"   9"	0.961672006610152	0.286157135484837	1	"Vibrio cholerae infection"
"human"	"path:map05111"	"  60"	0.974936919805558	0.570404071484688	1	"Biofilm formation - Vibrio cholerae"
"human"	"path:map05120"	"  11"	0.218617224286901	1.91167755893315	1	"Epithelial cell signaling in Helicobacter pylori infection"
"human"	"path:map05130"	"   9"	0.0268517410025284	4.59231746484494	0.559302117467299	"Pathogenic Escherichia coli infection"
"human"	"path:map05131"	"  13"	0.357108430065644	1.43315813378454	1	"Shigellosis"
"human"	"path:map05132"	"  15"	0.71439339839753	0.832972684828566	1	"Salmonella infection"
"human"	"path:map05133"	"  16"	0.764684999746698	0.763418848532896	1	"Pertussis"
"human"	"path:map05134"	"  16"	0.563518594350023	1.04168055398849	1	"Legionellosis"
"human"	"path:map05135"	"   8"	0.0608748147129473	3.82496054036895	0.904253371689998	"Yersinia infection"
"human"	"path:map05146"	"   7"	0.678728490096353	0.916525355413048	1	"Amoebiasis"
"human"	"path:map05150"	"  14"	0.656595523981942	0.916443969344309	1	"Staphylococcus aureus infection"
"human"	"path:map05152"	"  11"	0.69715986025644	0.859125357133923	1	"Tuberculosis"
"human"	"path:map05161"	"   5"	0.0321939961752549	9.1786181382092	0.572784848618077	"Hepatitis B"
"human"	"path:map05162"	"   5"	0.0321939961752549	9.1786181382092	0.572784848618077	"Measles"
"human"	"path:map05164"	"   6"	0.26272007641598	2.29308663477	1	"Influenza A"
"human"	"path:map05165"	"  11"	0.892191300664615	0.508784149326996	1	"Human papillomavirus infection"
"human"	"path:map05168"	"   7"	0.0303473117927936	5.73825887405114	0.572784848618077	"Herpes simplex virus 1 infection"
"human"	"path:map05169"	"   6"	0.588111842579401	1.1458476607923	1	"Epstein-Barr virus infection"
"human"	"path:map05171"	"  34"	0.00490888496320835	2.59145978801712	0.199627988503806	"Coronavirus disease - COVID-19"
"human"	"path:map05200"	"  11"	0.981446195496009	0.228790781486943	1	"Pathways in cancer"
"human"	"path:map05203"	"   5"	0.836564984383831	0.572704752383545	1	"Viral carcinogenesis"
"human"	"path:map05204"	"   5"	1	0	1	"Chemical carcinogenesis - DNA adducts"
"human"	"path:map05205"	"   8"	0.457933390981495	1.37539074483215	1	"Proteoglycans in cancer"
"human"	"path:map05206"	"   8"	0.944917267955369	0.327086577677506	1	"MicroRNAs in cancer"
"human"	"path:map05208"	"  16"	0.352743474314988	1.37594025245922	1	"Chemical carcinogenesis - reactive oxygen species"
"human"	"path:map05230"	"  10"	0.627472638496624	0.982032141368114	1	"Central carbon metabolism in cancer"
"human"	"path:map05231"	"   5"	0.836564984383831	0.572704752383545	1	"Choline metabolism in cancer"
"human"	"path:map05415"	"  18"	0.148770365878334	1.83616370302093	1	"Diabetic cardiomyopathy"
"human"	"path:map05417"	"  12"	0.123787114182932	2.29497937092003	1	"Lipid and atherosclerosis"
"human"	"path:map05418"	"   6"	0.886255612744717	0.458077164456823	1	"Fluid shear stress and atherosclerosis"
"indus"	"br:br01600"	"  24"	0.00418572649834881	4.18191163623549	0.188137391031046	"Antimicrobial resistance: KEGG signatures"
"indus"	"br:br01601"	"  45"	0.589487409305091	0.982362582569305	1	"Enzymes of 2-oxocarboxylic acid metabolism"
"indus"	"br:br01602"	"  15"	0.758687801145717	0.718910226343118	1	"Dioxygenases"
"indus"	"br:br01610"	"  85"	0.999696527535469	0.118459592243426	1	"Ribosomal proteins"
"indus"	"br:br01611"	"  24"	1	0	1	"RNA polymerases"
"indus"	"br:br01612"	"  15"	0.758687801145717	0.718910226343118	1	"DNA polymerases"
"indus"	"br:br01613"	"  31"	1	0	1	"Aminoacyl-tRNA synthetases"
"indus"	"br:ko00001"	"6764"	1	0	1	"KEGG Orthology (KO)"
"indus"	"br:ko00194"	"  28"	0.733766370847536	0.773904643841096	1	"Photosynthesis proteins"
"indus"	"br:ko00536"	"  14"	1	0	1	"Glycosaminoglycan binding proteins"
"indus"	"br:ko00537"	"   5"	0.0677660606418734	6.72798145388756	0.904253371689998	"Glycosylphosphatidylinositol (GPI)-anchored proteins"
"indus"	"br:ko01000"	"3648"	0.826020867808107	0.92675668926309	1	"Enzymes"
"indus"	"br:ko01001"	" 144"	0.097185763493565	1.45183820196	1	"Protein kinases"
"indus"	"br:ko01002"	" 255"	0.781266462000648	0.852209237883101	1	"Peptidases and inhibitors"
"indus"	"br:ko01003"	"  99"	0.000445950403661363	2.60136823241198	0.0380841644726804	"Glycosyltransferases"
"indus"	"br:ko01004"	"  44"	0.772842030873051	0.735614763232361	1	"Lipid biosynthesis proteins"
"indus"	"br:ko01005"	"  94"	0.86379014807925	0.683552553556214	1	"Lipopolysaccharide biosynthesis proteins"
"indus"	"br:ko01006"	"  14"	1	0	1	"Prenyltransferases"
"indus"	"br:ko01007"	"  77"	0.83728099129679	0.69689898877041	1	"Amino acid related enzymes"
"indus"	"br:ko01008"	"  81"	0.192819950107499	1.4252295834545	1	"Polyketide biosynthesis proteins"
"indus"	"br:ko01009"	"  24"	0.370720962459442	1.44068952598932	1	"Protein phosphatases and associated proteins"
"indus"	"br:ko01011"	"  85"	0.657661925051574	0.902641925506457	1	"Peptidoglycan biosynthesis and degradation proteins"
"indus"	"br:ko01504"	" 125"	0.000106496624023921	2.58181906713485	0.0113685146145535	"Antimicrobial resistance genes"
"indus"	"br:ko02000"	" 971"	0.839741218837481	0.889766495682206	1	"Transporters"
"indus"	"br:ko02022"	" 193"	0.0409537868215625	1.51971818484943	0.698067185104076	"Two-component system"
"indus"	"br:ko02035"	" 105"	0.150381078378684	1.43208734864275	1	"Bacterial motility proteins"
"indus"	"br:ko02042"	"  23"	0.345138019761466	1.5129541565565	1	"Bacterial toxins"
"indus"	"br:ko02044"	" 252"	0.00102867573052712	1.84018187996438	0.0732074228225134	"Secretion system"
"indus"	"br:ko02048"	" 121"	0.968160005211831	0.520743402570167	1	"Prokaryotic defense system"
"indus"	"br:ko03000"	" 295"	0.58456604340758	0.972163031997539	1	"Transcription factors"
"indus"	"br:ko03009"	" 106"	0.968608878286674	0.494435221825241	1	"Ribosome biogenesis"
"indus"	"br:ko03011"	"  86"	0.999724289427343	0.117046692839654	1	"Ribosome"
"indus"	"br:ko03012"	"  40"	0.888035139770584	0.528516817597569	1	"Translation factors"
"indus"	"br:ko03016"	" 138"	0.99979331102317	0.219983851947284	1	"Transfer RNA biogenesis"
"indus"	"br:ko03019"	"  51"	1	0	1	"Messenger RNA biogenesis"
"indus"	"br:ko03021"	"  63"	0.833307015131731	0.6806948343418	1	"Transcription machinery"
"indus"	"br:ko03029"	"  62"	0.928049780715316	0.509684403463437	1	"Mitochondrial biogenesis"
"indus"	"br:ko03032"	"  65"	0.984496771584756	0.31749462134136	1	"DNA replication proteins"
"indus"	"br:ko03036"	" 110"	0.879628224921831	0.680777849064932	1	"Chromosome and associated proteins"
"indus"	"br:ko03037"	"  14"	0.734670574643034	0.774276389131972	1	"Cilium and associated proteins"
"indus"	"br:ko03041"	"   7"	0.484712946369416	1.67934136990239	1	"Spliceosome"
"indus"	"br:ko03051"	"  13"	0.33092920653361	1.83347525970461	1	"Proteasome"
"indus"	"br:ko03110"	"  88"	0.909518334956865	0.603440751792275	1	"Chaperones and folding catalysts"
"indus"	"br:ko03200"	"   6"	0.433494402401905	2.01548071373897	1	"Viral proteins"
"indus"	"br:ko03400"	" 145"	0.855613917917794	0.741771949608626	1	"DNA repair and recombination proteins"
"indus"	"br:ko04054"	"   6"	0.095691942936288	5.04624523378458	1	"Pattern recognition receptors"
"indus"	"br:ko04090"	"  11"	0.261482240915836	2.24147630280112	1	"CD molecules"
"indus"	"br:ko04091"	"   6"	0.433494402401905	2.01548071373897	1	"Lectins"
"indus"	"br:ko04121"	"  31"	0.0182905041875038	2.95874219861585	0.487277704020971	"Ubiquitin system"
"indus"	"br:ko04131"	"  54"	0.211632958062752	1.5055176054395	1	"Membrane trafficking"
"indus"	"br:ko04147"	"  93"	0.747366664289908	0.817591816520784	1	"Exosome"
"indus"	"br:ko04812"	"  27"	0.714946100557105	0.804994725237737	1	"Cytoskeleton proteins"
"indus"	"md:M00001"	"  24"	0.370720962459442	1.44068952598932	1	"Glycolysis (Embden-Meyerhof pathway), glucose => pyruvate"
"indus"	"md:M00002"	"  10"	1	0	1	"Glycolysis, core module involving three-carbon compounds"
"indus"	"md:M00003"	"  20"	0.849875189936623	0.529293485274215	1	"Gluconeogenesis, oxaloacetate => fructose-6P"
"indus"	"md:M00004"	"  13"	0.106074546942164	3.03056706103754	1	"Pentose phosphate pathway (Pentose phosphate cycle)"
"indus"	"md:M00007"	"   6"	1	0	1	"Pentose phosphate pathway, non-oxidative phase, fructose 6P => ribose 5P"
"indus"	"md:M00008"	"   5"	0.377193992490969	2.51958479067766	1	"Entner-Doudoroff pathway, glucose-6P => glyceraldehyde-3P + pyruvate"
"indus"	"md:M00009"	"  29"	0.263829586143043	1.61513755529542	1	"Citrate cycle (TCA cycle, Krebs cycle)"
"indus"	"md:M00010"	"   5"	0.377193992490969	2.51958479067766	1	"Citrate cycle, first carbon oxidation, oxaloacetate => 2-oxoglutarate"
"indus"	"md:M00011"	"  24"	0.370720962459442	1.44068952598932	1	"Citrate cycle, second carbon oxidation, 2-oxoglutarate => oxaloacetate"
"indus"	"md:M00012"	"   5"	0.377193992490969	2.51958479067766	1	"Glyoxylate cycle"
"indus"	"md:M00014"	"   8"	1	0	1	"Glucuronate pathway (uronate pathway)"
"indus"	"md:M00016"	"  13"	1	0	1	"Lysine biosynthesis, succinyl-DAP pathway, aspartate => lysine"
"indus"	"md:M00017"	"  12"	1	0	1	"Methionine biosynthesis, aspartate => homoserine => methionine"
"indus"	"md:M00018"	"  10"	1	0	1	"Threonine biosynthesis, aspartate => homoserine => threonine"
"indus"	"md:M00019"	"   5"	1	0	1	"Valine/isoleucine biosynthesis, pyruvate => valine / 2-oxobutanoate => isoleucine"
"indus"	"md:M00020"	"   5"	1	0	1	"Serine biosynthesis, glycerate-3P => serine"
"indus"	"md:M00022"	"  11"	1	0	1	"Shikimate pathway, phosphoenolpyruvate + erythrose-4P => chorismate"
"indus"	"md:M00023"	"  11"	1	0	1	"Tryptophan biosynthesis, chorismate => tryptophan"
"indus"	"md:M00024"	"  10"	1	0	1	"Phenylalanine biosynthesis, chorismate => phenylpyruvate => phenylalanine"
"indus"	"md:M00025"	"  10"	1	0	1	"Tyrosine biosynthesis, chorismate => HPP => tyrosine"
"indus"	"md:M00026"	"  16"	1	0	1	"Histidine biosynthesis, PRPP => histidine"
"indus"	"md:M00028"	"  11"	0.261482240915836	2.24147630280112	1	"Ornithine biosynthesis, glutamate => ornithine"
"indus"	"md:M00029"	"   5"	1	0	1	"Urea cycle"
"indus"	"md:M00034"	"  14"	0.365024336124551	1.68045702508067	1	"Methionine salvage pathway"
"indus"	"md:M00035"	"   6"	1	0	1	"Methionine degradation"
"indus"	"md:M00036"	"   8"	0.029082421085549	6.063960839222	0.572784848618077	"Leucine degradation, leucine => acetoacetate + acetyl-CoA"
"indus"	"md:M00038"	"   5"	0.0677660606418734	6.72798145388756	0.904253371689998	"Tryptophan metabolism, tryptophan => kynurenine => 2-aminomuconate"
"indus"	"md:M00045"	"   6"	0.433494402401905	2.01548071373897	1	"Histidine degradation, histidine => N-formiminoglutamate => glutamate"
"indus"	"md:M00046"	"   6"	1	0	1	"Pyrimidine degradation, uracil => beta-alanine, thymine => 3-aminoisobutanoate"
"indus"	"md:M00048"	"  16"	1	0	1	"De novo purine biosynthesis, PRPP + glutamine => IMP"
"indus"	"md:M00049"	"   5"	1	0	1	"Adenine ribonucleotide biosynthesis, IMP => ADP,ATP"
"indus"	"md:M00051"	"  13"	1	0	1	"De novo pyrimidine biosynthesis, glutamine (+ PRPP) => UMP"
"indus"	"md:M00060"	"  10"	1	0	1	"KDO2-lipid A biosynthesis, Raetz pathway, LpxL-LpxM type"
"indus"	"md:M00061"	"   7"	0.484712946369416	1.67934136990239	1	"D-Glucuronate degradation, D-glucuronate => pyruvate + D-glyceraldehyde 3P"
"indus"	"md:M00064"	"   6"	1	0	1	"ADP-L-glycero-D-manno-heptose biosynthesis"
"indus"	"md:M00078"	"   5"	0.377193992490969	2.51958479067766	1	"Heparan sulfate degradation"
"indus"	"md:M00082"	"   8"	0.531307646645912	1.43924445062924	1	"Fatty acid biosynthesis, initiation"
"indus"	"md:M00083"	"  10"	0.612255212620146	1.11909092133147	1	"Fatty acid biosynthesis, elongation"
"indus"	"md:M00087"	"   7"	1	0	1	"beta-Oxidation"
"indus"	"md:M00088"	"   5"	0.0677660606418734	6.72798145388756	0.904253371689998	"Ketone body biosynthesis, acetyl-CoA => acetoacetate/3-hydroxybutyrate/acetone"
"indus"	"md:M00095"	"   7"	1	0	1	"C5 isoprenoid biosynthesis, mevalonate pathway"
"indus"	"md:M00096"	"   9"	1	0	1	"C5 isoprenoid biosynthesis, non-mevalonate pathway"
"indus"	"md:M00115"	"   7"	0.484712946369416	1.67934136990239	1	"NAD biosynthesis, aspartate => quinolinate => NAD"
"indus"	"md:M00116"	"   9"	1	0	1	"Menaquinone biosynthesis, chorismate (+ polyprenyl-PP) => menaquinol"
"indus"	"md:M00117"	"   6"	0.433494402401905	2.01548071373897	1	"Ubiquinone biosynthesis, prokaryotes, chorismate (+ polyprenyl-PP) => ubiquinol"
"indus"	"md:M00119"	"   6"	1	0	1	"Pantothenate biosynthesis, valine/L-aspartate => pantothenate"
"indus"	"md:M00120"	"  10"	0.612255212620146	1.11909092133147	1	"Coenzyme A biosynthesis, pantothenate => CoA"
"indus"	"md:M00121"	"  13"	0.708267271891714	0.838940134660477	1	"Heme biosynthesis, plants and bacteria, glutamate => heme"
"indus"	"md:M00122"	"   9"	3.51340983759441e-05	20.3093861535708	0.00500075333550937	"Cobalamin biosynthesis, cobyrinate a,c-diamide => cobalamin"
"indus"	"md:M00123"	"   5"	1	0	1	"Biotin biosynthesis, pimeloyl-ACP/CoA => biotin"
"indus"	"md:M00124"	"   6"	1	0	1	"Pyridoxal-P biosynthesis, erythrose-4P => pyridoxal-P"
"indus"	"md:M00125"	"  13"	1	0	1	"Riboflavin biosynthesis, plants and bacteria, GTP => riboflavin/FMN/FAD"
"indus"	"md:M00126"	"  16"	0.780534260398934	0.670873158188514	1	"Tetrahydrofolate biosynthesis, GTP => THF"
"indus"	"md:M00127"	"  11"	1	0	1	"Thiamine biosynthesis, prokaryotes, AIR (+ DXP/tyrosine) => TMP/TPP"
"indus"	"md:M00129"	"   7"	0.484712946369416	1.67934136990239	1	"Ascorbate biosynthesis, animals, glucose-1P => ascorbate"
"indus"	"md:M00133"	"   7"	0.126183138596842	4.0371468795174	1	"Polyamine biosynthesis, arginine => agmatine => putrescine => spermidine"
"indus"	"md:M00144"	"  16"	0.170498842411703	2.33000543643775	1	"NADH:quinone oxidoreductase, prokaryotes"
"indus"	"md:M00145"	"  10"	1	0	1	"NAD(P)H:quinone oxidoreductase, chloroplasts and cyanobacteria"
"indus"	"md:M00157"	"   8"	1	0	1	"F-type ATPase, prokaryotes and chloroplasts"
"indus"	"md:M00159"	"   9"	0.573695306192885	1.25917295634158	1	"V/A-type ATPase, prokaryotes"
"indus"	"md:M00165"	"  14"	1	0	1	"Reductive pentose phosphate cycle (Calvin cycle)"
"indus"	"md:M00166"	"   5"	1	0	1	"Reductive pentose phosphate cycle, ribulose-5P => glyceraldehyde-3P"
"indus"	"md:M00167"	"   9"	1	0	1	"Reductive pentose phosphate cycle, glyceraldehyde-3P => ribulose-5P"
"indus"	"md:M00173"	"  34"	0.604266666003251	0.974430181577337	1	"Reductive citrate cycle (Arnon-Buchanan cycle)"
"indus"	"md:M00176"	"  10"	1	0	1	"Assimilatory sulfate reduction, sulfate => H2S"
"indus"	"md:M00307"	"  11"	1	0	1	"Pyruvate oxidation, pyruvate => acetyl-CoA"
"indus"	"md:M00308"	"   5"	1	0	1	"Semi-phosphorylative Entner-Doudoroff pathway, gluconate => glycerate-3P"
"indus"	"md:M00345"	"   6"	1	0	1	"Formaldehyde assimilation, ribulose monophosphate pathway"
"indus"	"md:M00346"	"   9"	0.573695306192885	1.25917295634158	1	"Formaldehyde assimilation, serine pathway"
"indus"	"md:M00356"	"  14"	0.734670574643034	0.774276389131972	1	"Methanogenesis, methanol => methane"
"indus"	"md:M00357"	"  17"	0.800405861895119	0.628840981161852	1	"Methanogenesis, acetate => methane"
"indus"	"md:M00373"	"  11"	0.647332509790577	1.00704851549665	1	"Ethylmalonyl pathway"
"indus"	"md:M00374"	"  17"	1	0	1	"Dicarboxylate-hydroxybutyrate cycle"
"indus"	"md:M00375"	"   7"	0.484712946369416	1.67934136990239	1	"Hydroxypropionate-hydroxybutylate cycle"
"indus"	"md:M00376"	"  17"	0.800405861895119	0.628840981161852	1	"3-Hydroxypropionate bi-cycle"
"indus"	"md:M00377"	"  11"	1	0	1	"Reductive acetyl-CoA pathway (Wood-Ljungdahl pathway)"
"indus"	"md:M00525"	"   9"	1	0	1	"Lysine biosynthesis, acetyl-DAP pathway, aspartate => lysine"
"indus"	"md:M00526"	"   9"	1	0	1	"Lysine biosynthesis, DAP dehydrogenase pathway, aspartate => lysine"
"indus"	"md:M00527"	"  10"	1	0	1	"Lysine biosynthesis, DAP aminotransferase pathway, aspartate => lysine"
"indus"	"md:M00529"	"   6"	1	0	1	"Denitrification, nitrate => nitrogen"
"indus"	"md:M00530"	"   8"	0.531307646645912	1.43924445062924	1	"Dissimilatory nitrate reduction, nitrate => ammonia"
"indus"	"md:M00532"	"   9"	1	0	1	"Photorespiration"
"indus"	"md:M00542"	"  10"	0.612255212620146	1.11909092133147	1	"EHEC/EPEC pathogenicity signature, T3SS and effectors"
"indus"	"md:M00545"	"   5"	1	0	1	"Trans-cinnamate degradation, trans-cinnamate => acetyl-CoA"
"indus"	"md:M00546"	"   8"	0.531307646645912	1.43924445062924	1	"Purine degradation, xanthine => urea"
"indus"	"md:M00549"	"   6"	0.433494402401905	2.01548071373897	1	"Nucleotide sugar biosynthesis, glucose => UDP-glucose"
"indus"	"md:M00550"	"   7"	0.484712946369416	1.67934136990239	1	"Ascorbate degradation, ascorbate => D-xylulose-5P"
"indus"	"md:M00552"	"   5"	1	0	1	"D-galactonate degradation, De Ley-Doudoroff pathway, D-galactonate => glycerate-3P"
"indus"	"md:M00563"	"  16"	0.780534260398934	0.670873158188514	1	"Methanogenesis, methylamine/dimethylamine/trimethylamine => methane"
"indus"	"md:M00564"	"   5"	0.000306237477529371	40.5364418022245	0.0290585339788981	"Helicobacter pylori pathogenicity signature, cagA pathogenicity island"
"indus"	"md:M00565"	"   7"	1	0	1	"Trehalose biosynthesis, D-glucose 1P => trehalose"
"indus"	"md:M00567"	"  16"	0.780534260398934	0.670873158188514	1	"Methanogenesis, CO2 => methane"
"indus"	"md:M00569"	"   8"	0.15855004443394	3.36355822175103	1	"Catechol meta-cleavage, catechol => acetyl-CoA / 4-methylcatechol => propanoyl-CoA"
"indus"	"md:M00570"	"   6"	1	0	1	"Isoleucine biosynthesis, threonine => 2-oxobutanoate => isoleucine"
"indus"	"md:M00572"	"  10"	0.612255212620146	1.11909092133147	1	"Pimeloyl-ACP biosynthesis, BioC-BioH pathway, malonyl-ACP => pimeloyl-ACP"
"indus"	"md:M00577"	"   6"	1	0	1	"Biotin biosynthesis, BioW pathway, pimelate => pimeloyl-CoA => biotin"
"indus"	"md:M00596"	"   5"	1	0	1	"Dissimilatory sulfate reduction, sulfate => H2S"
"indus"	"md:M00609"	"   5"	1	0	1	"Cysteine biosynthesis, methionine => cysteine"
"indus"	"md:M00620"	"  16"	1	0	1	"Incomplete reductive citrate cycle, acetyl-CoA => oxoglutarate"
"indus"	"md:M00631"	"   8"	1	0	1	"D-Galacturonate degradation (bacteria), D-galacturonate => pyruvate + D-glyceraldehyde 3P"
"indus"	"md:M00651"	"  11"	0.0699387317901915	3.78866749154988	0.918887337674209	"Vancomycin resistance, D-Ala-D-Lac type"
"indus"	"md:M00652"	"   5"	0.377193992490969	2.51958479067766	1	"Vancomycin resistance, D-Ala-D-Ser type"
"indus"	"md:M00660"	"  10"	1	0	1	"Xanthomonas spp. pathogenicity signature, T3SS and effectors"
"indus"	"md:M00740"	"   8"	1	0	1	"Methylaspartate cycle"
"indus"	"md:M00741"	"   7"	0.126183138596842	4.0371468795174	1	"Propanoyl-CoA metabolism, propanoyl-CoA => succinyl-CoA"
"indus"	"md:M00778"	"   5"	0.377193992490969	2.51958479067766	1	"Type II polyketide backbone biosynthesis, acyl-CoA + malonyl-CoA => polyketide"
"indus"	"md:M00787"	"   5"	0.377193992490969	2.51958479067766	1	"Bacilysin biosynthesis, prephenate => bacilysin"
"indus"	"md:M00814"	"   6"	1	0	1	"Acarbose biosynthesis, sedoheptulopyranose-7P => acarbose"
"indus"	"md:M00840"	"   5"	1	0	1	"Tetrahydrofolate biosynthesis, mediated by ribA and trpF, GTP => THF"
"indus"	"md:M00845"	"   7"	0.484712946369416	1.67934136990239	1	"Arginine biosynthesis, glutamate => acetylcitrulline => arginine"
"indus"	"md:M00846"	"  12"	1	0	1	"Siroheme biosynthesis, glutamyl-tRNA => siroheme"
"indus"	"md:M00849"	"   9"	1	0	1	"C5 isoprenoid biosynthesis, mevalonate pathway, archaea"
"indus"	"md:M00852"	"   6"	0.095691942936288	5.04624523378458	1	"Vibrio cholerae pathogenicity signature, toxin coregulated pilus"
"indus"	"md:M00854"	"   8"	1	0	1	"Glycogen biosynthesis, glucose-1P => glycogen/starch"
"indus"	"md:M00855"	"   8"	1	0	1	"Glycogen degradation, glycogen => glucose-6P"
"indus"	"md:M00866"	"  11"	1	0	1	"KDO2-lipid A biosynthesis, Raetz pathway, non-LpxL-LpxM type"
"indus"	"md:M00868"	"   7"	0.484712946369416	1.67934136990239	1	"Heme biosynthesis, animals and fungi, glycine => heme"
"indus"	"md:M00878"	"   5"	0.377193992490969	2.51958479067766	1	"Phenylacetate degradation, phenylaxetate => acetyl-CoA/succinyl-CoA"
"indus"	"md:M00880"	"   8"	1	0	1	"Molybdenum cofactor biosynthesis, GTP => molybdenum cofactor"
"indus"	"md:M00892"	"   5"	0.377193992490969	2.51958479067766	1	"UDP-N-acetyl-D-glucosamine biosynthesis, eukaryotes, glucose => UDP-GlcNAc"
"indus"	"md:M00895"	"  10"	1	0	1	"Thiamine biosynthesis, prokaryotes, AIR (+ DXP/glycine) => TMP/TPP"
"indus"	"md:M00896"	"   6"	1	0	1	"Thiamine biosynthesis, archaea, AIR (+ NAD+) => TMP/TPP"
"indus"	"md:M00899"	"   5"	1	0	1	"Thiamine salvage pathway, HMP/HET => TMP"
"indus"	"md:M00909"	"   7"	1	0	1	"UDP-N-acetyl-D-glucosamine biosynthesis, prokaryotes, glucose => UDP-GlcNAc"
"indus"	"md:M00911"	"   5"	1	0	1	"Riboflavin biosynthesis, fungi, GTP => riboflavin/FMN/FAD"
"indus"	"md:M00912"	"   7"	1	0	1	"NAD biosynthesis, tryptophan => quinolinate => NAD"
"indus"	"md:M00914"	"   7"	1	0	1	"Coenzyme A biosynthesis, archaea, 2-oxoisovalerate => 4-phosphopantoate => CoA"
"indus"	"md:M00924"	"  20"	2.35654076480552e-07	12.5051752870771	0.000201248581314392	"Cobalamin biosynthesis, anaerobic, uroporphyrinogen III => sirohydrochlorin => cobyrinate a,c-diamide"
"indus"	"md:M00925"	"  14"	9.25026802616915e-05	10.1680013919363	0.0112853269919264	"Cobalamin biosynthesis, aerobic, uroporphyrinogen III => precorrin 2 => cobyrinate a,c-diamide"
"indus"	"md:M00926"	"   9"	0.573695306192885	1.25917295634158	1	"Heme biosynthesis, bacteria, glutamyl-tRNA => coproporphyrin III => heme"
"indus"	"md:M00930"	"   7"	0.126183138596842	4.0371468795174	1	"Menaquinone biosynthesis, futalosine pathway"
"indus"	"md:M00931"	"   5"	0.0677660606418734	6.72798145388756	0.904253371689998	"Menaquinone biosynthesis, modified futalosine pathway"
"indus"	"md:M00932"	"   8"	1	0	1	"Phylloquinone biosynthesis, chorismate (+ phytyl-PP) => phylloquinol"
"indus"	"md:M00938"	"   8"	1	0	1	"Pyrimidine deoxyribonucleotide biosynthesis, UDP => dTTP"
"indus"	"md:M00956"	"   5"	1	0	1	"Lysine degradation, bacteria, L-lysine => succinate"
"indus"	"md:M00957"	"   6"	1	0	1	"Lysine degradation, bacteria, L-lysine => glutarate => succinate/acetyl-CoA"
"indus"	"md:M00958"	"  17"	0.800405861895119	0.628840981161852	1	"Adenine ribonucleotide degradation, AMP => Urate"
"indus"	"md:M00959"	"  17"	1	0	1	"Guanine ribonucleotide degradation, GMP => Urate"
"indus"	"path:map00010"	"  75"	0.971095398980511	0.416773239020208	1	"Glycolysis / Gluconeogenesis"
"indus"	"path:map00020"	"  45"	0.589487409305091	0.982362582569305	1	"Citrate cycle (TCA cycle)"
"indus"	"path:map00030"	"  57"	0.411324359694066	1.18654939509911	1	"Pentose phosphate pathway"
"indus"	"path:map00040"	"  57"	0.13857603205594	1.6525300010209	1	"Pentose and glucuronate interconversions"
"indus"	"path:map00051"	"  86"	0.898948822151043	0.618544029122001	1	"Fructose and mannose metabolism"
"indus"	"path:map00052"	"  53"	0.869606417962127	0.602311963849312	1	"Galactose metabolism"
"indus"	"path:map00053"	"  29"	0.494104086855158	1.16273740028102	1	"Ascorbate and aldarate metabolism"
"indus"	"path:map00061"	"  21"	0.577851883445749	1.06024867760398	1	"Fatty acid biosynthesis"
"indus"	"path:map00071"	"  22"	0.875847102248477	0.478731510726949	1	"Fatty acid degradation"
"indus"	"path:map00130"	"  32"	0.157444869041672	1.87171080637409	1	"Ubiquinone and other terpenoid-quinone biosynthesis"
"indus"	"path:map00190"	"  77"	0.39410011070998	1.16977354151026	1	"Oxidative phosphorylation"
"indus"	"path:map00195"	"  13"	0.708267271891714	0.838940134660477	1	"Photosynthesis"
"indus"	"path:map00196"	"   9"	0.573695306192885	1.25917295634158	1	"Photosynthesis - antenna proteins"
"indus"	"path:map00220"	"  42"	0.533458959334144	1.06044695382241	1	"Arginine biosynthesis"
"indus"	"path:map00230"	" 123"	0.989423878309629	0.422019011561821	1	"Purine metabolism"
"indus"	"path:map00240"	"  84"	1	0	1	"Pyrimidine metabolism"
"indus"	"path:map00250"	"  48"	0.641371429038539	0.9149382203229	1	"Alanine, aspartate and glutamate metabolism"
"indus"	"path:map00253"	"   5"	0.0677660606418734	6.72798145388756	0.904253371689998	"Tetracycline biosynthesis"
"indus"	"path:map00260"	"  69"	0.998594326929042	0.14671743589474	1	"Glycine, serine and threonine metabolism"
"indus"	"path:map00261"	"  16"	0.780534260398934	0.670873158188514	1	"Monobactam biosynthesis"
"indus"	"path:map00270"	"  68"	0.952442324179575	0.462184417260864	1	"Cysteine and methionine metabolism"
"indus"	"path:map00280"	"  38"	0.12326298489535	1.89687016589729	1	"Valine, leucine and isoleucine degradation"
"indus"	"path:map00281"	"   5"	0.377193992490969	2.51958479067766	1	"Geraniol degradation"
"indus"	"path:map00290"	"  14"	0.734670574643034	0.774276389131972	1	"Valine, leucine and isoleucine biosynthesis"
"indus"	"path:map00300"	"  38"	0.869991972493994	0.558060667508531	1	"Lysine biosynthesis"
"indus"	"path:map00310"	"  24"	0.897331887966327	0.436959173989822	1	"Lysine degradation"
"indus"	"path:map00311"	"   6"	1	0	1	"Penicillin and cephalosporin biosynthesis"
"indus"	"path:map00330"	"  56"	0.128647865918939	1.68722860561696	1	"Arginine and proline metabolism"
"indus"	"path:map00332"	"   5"	0.377193992490969	2.51958479067766	1	"Carbapenem biosynthesis"
"indus"	"path:map00333"	"   6"	1	0	1	"Prodigiosin biosynthesis"
"indus"	"path:map00340"	"  27"	0.922802102108972	0.386354896632924	1	"Histidine metabolism"
"indus"	"path:map00350"	"  30"	0.941961321375304	0.346219889371009	1	"Tyrosine metabolism"
"indus"	"path:map00360"	"  38"	0.680152389464154	0.862505765268641	1	"Phenylalanine metabolism"
"indus"	"path:map00361"	"   8"	1	0	1	"Chlorocyclohexane and chlorobenzene degradation"
"indus"	"path:map00362"	"  47"	0.624563015427905	0.936368414745162	1	"Benzoate degradation"
"indus"	"path:map00364"	"   6"	0.433494402401905	2.01548071373897	1	"Fluorobenzoate degradation"
"indus"	"path:map00365"	"   5"	1	0	1	"Furfural degradation"
"indus"	"path:map00380"	"  22"	0.319464032626521	1.59282502006382	1	"Tryptophan metabolism"
"indus"	"path:map00400"	"  47"	1	0	1	"Phenylalanine, tyrosine and tryptophan biosynthesis"
"indus"	"path:map00401"	"   8"	1	0	1	"Novobiocin biosynthesis"
"indus"	"path:map00405"	"   6"	1	0	1	"Phenazine biosynthesis"
"indus"	"path:map00410"	"  19"	0.834921447036603	0.558788588660856	1	"beta-Alanine metabolism"
"indus"	"path:map00430"	"  14"	0.734670574643034	0.774276389131972	1	"Taurine and hypotaurine metabolism"
"indus"	"path:map00440"	"  16"	1	0	1	"Phosphonate and phosphinate metabolism"
"indus"	"path:map00450"	"  24"	1	0	1	"Selenocompound metabolism"
"indus"	"path:map00460"	"  10"	0.612255212620146	1.11909092133147	1	"Cyanoamino acid metabolism"
"indus"	"path:map00470"	"  29"	0.936170721662749	0.35864268506181	1	"D-Amino acid metabolism"
"indus"	"path:map00480"	"  19"	0.0236333500103982	3.61684636160041	0.559302117467299	"Glutathione metabolism"
"indus"	"path:map00500"	"  75"	0.522487263420989	1.03708433307308	1	"Starch and sucrose metabolism"
"indus"	"path:map00511"	"  15"	0.758687801145717	0.718910226343118	1	"Other glycan degradation"
"indus"	"path:map00520"	" 120"	0.768261020189306	0.813771354476817	1	"Amino sugar and nucleotide sugar metabolism"
"indus"	"path:map00521"	"  12"	0.679241266864168	0.915357094631054	1	"Streptomycin biosynthesis"
"indus"	"path:map00523"	"  17"	0.194007981503414	2.16331521720491	1	"Polyketide sugar unit biosynthesis"
"indus"	"path:map00525"	"  11"	1	0	1	"Acarbose and validamycin biosynthesis"
"indus"	"path:map00531"	"   9"	0.192206370270131	2.88264170558653	1	"Glycosaminoglycan degradation"
"indus"	"path:map00540"	"  52"	0.703549620788338	0.838142269571229	1	"Lipopolysaccharide biosynthesis"
"indus"	"path:map00541"	"  52"	0.703549620788338	0.838142269571229	1	"O-Antigen nucleotide sugar biosynthesis"
"indus"	"path:map00542"	"   6"	1	0	1	"O-Antigen repeat unit biosynthesis"
"indus"	"path:map00543"	"  38"	0.453387487080684	1.18593471985861	1	"Exopolysaccharide biosynthesis"
"indus"	"path:map00550"	"  49"	0.99049949457047	0.208530517511009	1	"Peptidoglycan biosynthesis"
"indus"	"path:map00552"	"  18"	0.493130878569877	1.25959853882336	1	"Teichoic acid biosynthesis"
"indus"	"path:map00561"	"  34"	0.188527509811714	1.7421634243992	1	"Glycerolipid metabolism"
"indus"	"path:map00562"	"  27"	0.922802102108972	0.386354896632924	1	"Inositol phosphate metabolism"
"indus"	"path:map00564"	"  45"	0.589487409305091	0.982362582569305	1	"Glycerophospholipid metabolism"
"indus"	"path:map00565"	"   7"	1	0	1	"Ether lipid metabolism"
"indus"	"path:map00571"	"   8"	0.531307646645912	1.43924445062924	1	"Lipoarabinomannan (LAM) biosynthesis"
"indus"	"path:map00572"	"   5"	0.00638360912058935	15.1566096001284	0.237026182129709	"Arabinogalactan biosynthesis - Mycobacterium"
"indus"	"path:map00600"	"  18"	0.218250699580864	2.01881933655437	1	"Sphingolipid metabolism"
"indus"	"path:map00620"	"  88"	0.818742097347996	0.734298445823444	1	"Pyruvate metabolism"
"indus"	"path:map00621"	"   8"	0.531307646645912	1.43924445062924	1	"Dioxin degradation"
"indus"	"path:map00622"	"  12"	0.0872125355896167	3.36744538457363	0.979993492020167	"Xylene degradation"
"indus"	"path:map00623"	"  12"	1	0	1	"Toluene degradation"
"indus"	"path:map00624"	"   8"	1	0	1	"Polycyclic aromatic hydrocarbon degradation"
"indus"	"path:map00625"	"  16"	1	0	1	"Chloroalkane and chloroalkene degradation"
"indus"	"path:map00626"	"   6"	1	0	1	"Naphthalene degradation"
"indus"	"path:map00627"	"  24"	0.897331887966327	0.436959173989822	1	"Aminobenzoate degradation"
"indus"	"path:map00630"	"  69"	0.167132420933294	1.51806744519348	1	"Glyoxylate and dicarboxylate metabolism"
"indus"	"path:map00633"	"  15"	0.398429403605481	1.55095557124153	1	"Nitrotoluene degradation"
"indus"	"path:map00640"	"  62"	0.49346383443173	1.0797722097997	1	"Propanoate metabolism"
"indus"	"path:map00643"	"  10"	1	0	1	"Styrene degradation"
"indus"	"path:map00650"	"  71"	0.629320433561371	0.928880582074232	1	"Butanoate metabolism"
"indus"	"path:map00660"	"  17"	1	0	1	"C5-Branched dibasic acid metabolism"
"indus"	"path:map00670"	"  22"	1	0	1	"One carbon pool by folate"
"indus"	"path:map00680"	" 120"	0.996061146133258	0.342988628407111	1	"Methane metabolism"
"indus"	"path:map00710"	"  26"	0.695021793281378	0.838675077734017	1	"Carbon fixation in photosynthetic organisms"
"indus"	"path:map00720"	"  72"	0.90071576568155	0.589726700362004	1	"Carbon fixation pathways in prokaryotes"
"indus"	"path:map00730"	"  26"	1	0	1	"Thiamine metabolism"
"indus"	"path:map00740"	"  30"	1	0	1	"Riboflavin metabolism"
"indus"	"path:map00750"	"  15"	1	0	1	"Vitamin B6 metabolism"
"indus"	"path:map00760"	"  49"	0.657679961696449	0.894459920519125	1	"Nicotinate and nicotinamide metabolism"
"indus"	"path:map00770"	"  34"	0.825679903928869	0.628228854788033	1	"Pantothenate and CoA biosynthesis"
"indus"	"path:map00780"	"  19"	0.834921447036603	0.558788588660856	1	"Biotin metabolism"
"indus"	"path:map00790"	"  56"	0.967799790762992	0.370954392188504	1	"Folate biosynthesis"
"indus"	"path:map00791"	"   9"	0.192206370270131	2.88264170558653	1	"Atrazine degradation"
"indus"	"path:map00830"	"   8"	1	0	1	"Retinol metabolism"
"indus"	"path:map00860"	"  86"	4.86178184714458e-06	3.55255748926788	0.00138398723248716	"Porphyrin metabolism"
"indus"	"path:map00900"	"  32"	1	0	1	"Terpenoid backbone biosynthesis"
"indus"	"path:map00906"	"  16"	1	0	1	"Carotenoid biosynthesis"
"indus"	"path:map00910"	"  34"	0.960331710122878	0.304057300359108	1	"Nitrogen metabolism"
"indus"	"path:map00920"	"  70"	0.998722611655906	0.144567392219459	1	"Sulfur metabolism"
"indus"	"path:map00930"	"   9"	1	0	1	"Caprolactam degradation"
"indus"	"path:map00950"	"   8"	0.531307646645912	1.43924445062924	1	"Isoquinoline alkaloid biosynthesis"
"indus"	"path:map00960"	"   9"	1	0	1	"Tropane, piperidine and pyridine alkaloid biosynthesis"
"indus"	"path:map00970"	"  37"	1	0	1	"Aminoacyl-tRNA biosynthesis"
"indus"	"path:map00980"	"   7"	0.484712946369416	1.67934136990239	1	"Metabolism of xenobiotics by cytochrome P450"
"indus"	"path:map00982"	"   6"	1	0	1	"Drug metabolism - cytochrome P450"
"indus"	"path:map00983"	"  20"	1	0	1	"Drug metabolism - other enzymes"
"indus"	"path:map00997"	"   6"	1	0	1	"Biosynthesis of various other secondary metabolites; Including: Ditryptophenaline biosynthesis, Fumiquinazoline D biosynthesis, Paerucumarin biosynthesis, Staphyloferrin B biosynthesis, Cyclooctatin biosynthesis, Lovastatin biosynthesis, Grixazone biosynthesis, Staphyloferrin A biosynthesis, Ethynylserine biosynthesis, Aerobactin biosynthesis"
"indus"	"path:map00998"	"  13"	0.708267271891714	0.838940134660477	1	"Biosynthesis of various antibiotics; Including: Kanosamine biosynthesis, Aurachin biosynthesis, Bacilysin biosynthesis, Puromycin biosynthesis, Dapdiamides biosynthesis, Fosfomycin biosynthesis, Cremeomycin biosynthesis, Pentalenolactone biosynthesis, Terpentecin biosynthesis, Roseoflavin biosynthesis, Cycloserine biosynthesis"
"indus"	"path:map00999"	"   5"	1	0	1	"Biosynthesis of various plant secondary metabolites; Including: Crocin biosynthesis, Cannabidiol biosynthesis, Mugineic acid biosynthesis, Pentagalloylglucose biosynthesis, Benzoxazinoid biosynthesis, Gramine biosynthesis, Coumarin biosynthesis, Furanocoumarin biosynthesis, Hordatine biosynthesis, Podophyllotoxin biosynthesis"
"indus"	"path:map01051"	"   9"	1	0	1	"Biosynthesis of ansamycins"
"indus"	"path:map01052"	"   8"	0.531307646645912	1.43924445062924	1	"Type I polyketide structures"
"indus"	"path:map01053"	"  20"	0.849875189936623	0.529293485274215	1	"Biosynthesis of siderophore group nonribosomal peptides"
"indus"	"path:map01054"	"  19"	0.243065705362706	1.89245283294964	1	"Nonribosomal peptide structures"
"indus"	"path:map01055"	"   7"	0.484712946369416	1.67934136990239	1	"Biosynthesis of vancomycin group antibiotics"
"indus"	"path:map01059"	"   9"	1	0	1	"Biosynthesis of enediyne antibiotics"
"indus"	"path:map01100"	"2025"	0.956959744036373	0.853912072256976	1	"Metabolic pathways"
"indus"	"path:map01110"	" 687"	0.99791158959153	0.647638894228032	1	"Biosynthesis of secondary metabolites"
"indus"	"path:map01120"	" 610"	0.996740961194269	0.647098436778642	1	"Microbial metabolism in diverse environments"
"indus"	"path:map01200"	" 225"	0.875533603979231	0.764816817908714	1	"Carbon metabolism"
"indus"	"path:map01210"	"  47"	0.624563015427905	0.936368414745162	1	"2-Oxocarboxylic acid metabolism"
"indus"	"path:map01212"	"  30"	0.768243329998644	0.718446946865218	1	"Fatty acid metabolism"
"indus"	"path:map01220"	"  57"	0.899455614340998	0.557330144880187	1	"Degradation of aromatic compounds"
"indus"	"path:map01230"	" 190"	0.99966043373689	0.321756057330038	1	"Biosynthesis of amino acids"
"indus"	"path:map01232"	"  91"	0.999829381627116	0.110453153166616	1	"Nucleotide metabolism"
"indus"	"path:map01240"	" 271"	0.190321767841241	1.21704529266984	1	"Biosynthesis of cofactors"
"indus"	"path:map01250"	" 114"	0.713290794707192	0.86113223497539	1	"Biosynthesis of nucleotide sugars"
"indus"	"path:map01501"	"  50"	0.295369454448009	1.37685380279449	1	"beta-Lactam resistance"
"indus"	"path:map01502"	"  21"	0.115237282276482	2.37793404861658	1	"Vancomycin resistance"
"indus"	"path:map01503"	"  38"	0.680152389464154	0.862505765268641	1	"Cationic antimicrobial peptide (CAMP) resistance"
"indus"	"path:map01523"	"   8"	1	0	1	"Antifolate resistance"
"indus"	"path:map01524"	"   5"	1	0	1	"Platinum drug resistance"
"indus"	"path:map02010"	" 377"	0.0870471780096873	1.28188139595165	0.979993492020167	"ABC transporters"
"indus"	"path:map02020"	" 352"	0.00221461555819721	1.64021686608773	0.118205105418776	"Two-component system"
"indus"	"path:map02024"	" 150"	0.129182106650715	1.38448054670959	1	"Quorum sensing"
"indus"	"path:map02025"	"  64"	0.0268040480024192	2.10975174015959	0.559302117467299	"Biofilm formation - Pseudomonas aeruginosa"
"indus"	"path:map02026"	"  37"	0.970185995737612	0.278583787636261	1	"Biofilm formation - Escherichia coli"
"indus"	"path:map02030"	"  25"	0.906639041742673	0.418685500550272	1	"Bacterial chemotaxis"
"indus"	"path:map02040"	"  46"	0.232286802264749	1.51549812850415	1	"Flagellar assembly"
"indus"	"path:map02060"	"  67"	0.998297890332882	0.151212976642054	1	"Phosphotransferase system (PTS)"
"indus"	"path:map03008"	"  16"	0.780534260398934	0.670873158188514	1	"Ribosome biogenesis in eukaryotes"
"indus"	"path:map03010"	"  86"	0.999724289427343	0.117046692839654	1	"Ribosome"
"indus"	"path:map03018"	"  28"	1	0	1	"RNA degradation"
"indus"	"path:map03020"	"  24"	1	0	1	"RNA polymerase"
"indus"	"path:map03022"	"   6"	1	0	1	"Basal transcription factors"
"indus"	"path:map03030"	"  34"	1	0	1	"DNA replication"
"indus"	"path:map03050"	"   6"	1	0	1	"Proteasome"
"indus"	"path:map03060"	"  22"	1	0	1	"Protein export"
"indus"	"path:map03070"	"  63"	0.833307015131731	0.6806948343418	1	"Bacterial secretion system"
"indus"	"path:map03320"	"   8"	1	0	1	"PPAR signaling pathway"
"indus"	"path:map03410"	"  23"	0.887098573700001	0.456893971053377	1	"Base excision repair"
"indus"	"path:map03420"	"  16"	1	0	1	"Nucleotide excision repair"
"indus"	"path:map03430"	"  28"	1	0	1	"Mismatch repair"
"indus"	"path:map03440"	"  29"	0.936170721662749	0.35864268506181	1	"Homologous recombination"
"indus"	"path:map04010"	"   6"	1	0	1	"MAPK signaling pathway"
"indus"	"path:map04013"	"   7"	0.484712946369416	1.67934136990239	1	"MAPK signaling pathway - fly"
"indus"	"path:map04014"	"   5"	1	0	1	"Ras signaling pathway"
"indus"	"path:map04066"	"  11"	0.647332509790577	1.00704851549665	1	"HIF-1 signaling pathway"
"indus"	"path:map04068"	"   6"	1	0	1	"FoxO signaling pathway"
"indus"	"path:map04070"	"   7"	1	0	1	"Phosphatidylinositol signaling system"
"indus"	"path:map04071"	"   7"	0.484712946369416	1.67934136990239	1	"Sphingolipid signaling pathway"
"indus"	"path:map04112"	"  21"	1	0	1	"Cell cycle - Caulobacter"
"indus"	"path:map04120"	"  12"	0.29633618198108	2.01714727073991	1	"Ubiquitin mediated proteolysis"
"indus"	"path:map04122"	"  20"	0.849875189936623	0.529293485274215	1	"Sulfur relay system"
"indus"	"path:map04138"	"   5"	0.377193992490969	2.51958479067766	1	"Autophagy - yeast"
"indus"	"path:map04141"	"  16"	0.430990912347449	1.43996580223539	1	"Protein processing in endoplasmic reticulum"
"indus"	"path:map04142"	"  21"	0.115237282276482	2.37793404861658	1	"Lysosome"
"indus"	"path:map04144"	"   6"	1	0	1	"Endocytosis"
"indus"	"path:map04145"	"   5"	0.0677660606418734	6.72798145388756	0.904253371689998	"Phagosome"
"indus"	"path:map04146"	"  13"	0.708267271891714	0.838940134660477	1	"Peroxisome"
"indus"	"path:map04150"	"   5"	1	0	1	"mTOR signaling pathway"
"indus"	"path:map04151"	"  13"	1	0	1	"PI3K-Akt signaling pathway"
"indus"	"path:map04152"	"   8"	1	0	1	"AMPK signaling pathway"
"indus"	"path:map04210"	"   7"	0.126183138596842	4.0371468795174	1	"Apoptosis"
"indus"	"path:map04212"	"   9"	1	0	1	"Longevity regulating pathway - worm"
"indus"	"path:map04213"	"   6"	1	0	1	"Longevity regulating pathway - multiple species"
"indus"	"path:map04214"	"   6"	0.433494402401905	2.01548071373897	1	"Apoptosis - fly"
"indus"	"path:map04217"	"   8"	1	0	1	"Necroptosis"
"indus"	"path:map04270"	"   5"	1	0	1	"Vascular smooth muscle contraction"
"indus"	"path:map04310"	"   5"	1	0	1	"Wnt signaling pathway"
"indus"	"path:map04510"	"   9"	1	0	1	"Focal adhesion"
"indus"	"path:map04512"	"   7"	1	0	1	"ECM-receptor interaction"
"indus"	"path:map04614"	"   5"	0.0677660606418734	6.72798145388756	0.904253371689998	"Renin-angiotensin system"
"indus"	"path:map04621"	"   8"	0.531307646645912	1.43924445062924	1	"NOD-like receptor signaling pathway"
"indus"	"path:map04624"	"   8"	0.531307646645912	1.43924445062924	1	"Toll and Imd signaling pathway"
"indus"	"path:map04626"	"   8"	0.531307646645912	1.43924445062924	1	"Plant-pathogen interaction"
"indus"	"path:map04714"	"  13"	0.708267271891714	0.838940134660477	1	"Thermogenesis"
"indus"	"path:map04723"	"   6"	1	0	1	"Retrograde endocannabinoid signaling"
"indus"	"path:map04810"	"   6"	0.433494402401905	2.01548071373897	1	"Regulation of actin cytoskeleton"
"indus"	"path:map04910"	"   9"	0.573695306192885	1.25917295634158	1	"Insulin signaling pathway"
"indus"	"path:map04918"	"   5"	1	0	1	"Thyroid hormone synthesis"
"indus"	"path:map04919"	"   5"	1	0	1	"Thyroid hormone signaling pathway"
"indus"	"path:map04922"	"  11"	1	0	1	"Glucagon signaling pathway"
"indus"	"path:map04931"	"   7"	1	0	1	"Insulin resistance"
"indus"	"path:map04932"	"   8"	1	0	1	"Non-alcoholic fatty liver disease"
"indus"	"path:map04936"	"   8"	1	0	1	"Alcoholic liver disease"
"indus"	"path:map04964"	"   5"	1	0	1	"Proximal tubule bicarbonate reclamation"
"indus"	"path:map04974"	"  15"	1	0	1	"Protein digestion and absorption"
"indus"	"path:map04976"	"  12"	0.679241266864168	0.915357094631054	1	"Bile secretion"
"indus"	"path:map05010"	"  16"	0.780534260398934	0.670873158188514	1	"Alzheimer disease"
"indus"	"path:map05012"	"  24"	0.651732345574518	0.91521793502067	1	"Parkinson disease"
"indus"	"path:map05014"	"  19"	0.834921447036603	0.558788588660856	1	"Amyotrophic lateral sclerosis"
"indus"	"path:map05016"	"  19"	0.834921447036603	0.558788588660856	1	"Huntington disease"
"indus"	"path:map05017"	"   8"	0.531307646645912	1.43924445062924	1	"Spinocerebellar ataxia"
"indus"	"path:map05020"	"  16"	1	0	1	"Prion disease"
"indus"	"path:map05022"	"  28"	0.470282586781491	1.20943593742631	1	"Pathways of neurodegeneration - multiple diseases"
"indus"	"path:map05100"	"   7"	0.126183138596842	4.0371468795174	1	"Bacterial invasion of epithelial cells"
"indus"	"path:map05110"	"   9"	0.192206370270131	2.88264170558653	1	"Vibrio cholerae infection"
"indus"	"path:map05111"	"  60"	0.170545859123601	1.556439245959	1	"Biofilm formation - Vibrio cholerae"
"indus"	"path:map05120"	"  11"	0.0129899944146745	5.78278214015748	0.396478063920986	"Epithelial cell signaling in Helicobacter pylori infection"
"indus"	"path:map05130"	"   9"	0.573695306192885	1.25917295634158	1	"Pathogenic Escherichia coli infection"
"indus"	"path:map05131"	"  13"	0.33092920653361	1.83347525970461	1	"Shigellosis"
"indus"	"path:map05132"	"  15"	1	0	1	"Salmonella infection"
"indus"	"path:map05133"	"  16"	1	0	1	"Pertussis"
"indus"	"path:map05134"	"  16"	0.170498842411703	2.33000543643775	1	"Legionellosis"
"indus"	"path:map05135"	"   8"	1	0	1	"Yersinia infection"
"indus"	"path:map05146"	"   7"	1	0	1	"Amoebiasis"
"indus"	"path:map05150"	"  14"	0.126358428987963	2.7544448041133	1	"Staphylococcus aureus infection"
"indus"	"path:map05152"	"  11"	0.647332509790577	1.00704851549665	1	"Tuberculosis"
"indus"	"path:map05161"	"   5"	1	0	1	"Hepatitis B"
"indus"	"path:map05162"	"   5"	1	0	1	"Measles"
"indus"	"path:map05164"	"   6"	1	0	1	"Influenza A"
"indus"	"path:map05165"	"  11"	1	0	1	"Human papillomavirus infection"
"indus"	"path:map05168"	"   7"	1	0	1	"Herpes simplex virus 1 infection"
"indus"	"path:map05169"	"   6"	1	0	1	"Epstein-Barr virus infection"
"indus"	"path:map05171"	"  34"	0.825679903928869	0.628228854788033	1	"Coronavirus disease - COVID-19"
"indus"	"path:map05200"	"  11"	1	0	1	"Pathways in cancer"
"indus"	"path:map05203"	"   5"	1	0	1	"Viral carcinogenesis"
"indus"	"path:map05204"	"   5"	0.377193992490969	2.51958479067766	1	"Chemical carcinogenesis - DNA adducts"
"indus"	"path:map05205"	"   8"	0.531307646645912	1.43924445062924	1	"Proteoglycans in cancer"
"indus"	"path:map05206"	"   8"	1	0	1	"MicroRNAs in cancer"
"indus"	"path:map05208"	"  16"	0.780534260398934	0.670873158188514	1	"Chemical carcinogenesis - reactive oxygen species"
"indus"	"path:map05230"	"  10"	0.226656148347537	2.52207993282134	1	"Central carbon metabolism in cancer"
"indus"	"path:map05231"	"   5"	1	0	1	"Choline metabolism in cancer"
"indus"	"path:map05415"	"  18"	0.493130878569877	1.25959853882336	1	"Diabetic cardiomyopathy"
"indus"	"path:map05417"	"  12"	1	0	1	"Lipid and atherosclerosis"
"indus"	"path:map05418"	"   6"	0.433494402401905	2.01548071373897	1	"Fluid shear stress and atherosclerosis"
